order_id,customer_id,order_status,order_date,required_date,shipped_date,store_id,staff_id,Order text
1,259,4,01-01-2016,03-01-2016,03-01-2016,1,2,deliverd
2,1212,4,01-01-2016,04-01-2016,03-01-2016,2,6,deliverd
3,523,4,02-01-2016,05-01-2016,03-01-2016,2,7,deliverd
4,175,4,03-01-2016,04-01-2016,05-01-2016,1,3,deliverd
5,1324,4,03-01-2016,06-01-2016,06-01-2016,2,6,deliverd
6,94,4,04-01-2016,07-01-2016,05-01-2016,2,6,deliverd
7,324,4,04-01-2016,07-01-2016,05-01-2016,2,6,deliverd
8,1204,4,04-01-2016,05-01-2016,05-01-2016,2,7,deliverd
9,60,4,05-01-2016,08-01-2016,08-01-2016,1,2,deliverd
10,442,4,05-01-2016,06-01-2016,06-01-2016,2,6,deliverd
11,1326,4,05-01-2016,08-01-2016,07-01-2016,2,7,deliverd
12,91,4,06-01-2016,08-01-2016,09-01-2016,1,2,deliverd
13,873,4,08-01-2016,11-01-2016,11-01-2016,2,6,deliverd
14,258,4,09-01-2016,11-01-2016,12-01-2016,1,3,deliverd
15,450,4,09-01-2016,10-01-2016,12-01-2016,2,7,deliverd
16,552,4,12-01-2016,15-01-2016,15-01-2016,1,3,deliverd
17,1175,4,12-01-2016,14-01-2016,14-01-2016,1,3,deliverd
18,541,4,14-01-2016,17-01-2016,15-01-2016,1,3,deliverd
19,696,4,14-01-2016,17-01-2016,16-01-2016,1,2,deliverd
20,923,4,14-01-2016,16-01-2016,17-01-2016,1,2,deliverd
21,1250,4,15-01-2016,16-01-2016,18-01-2016,2,6,deliverd
22,1035,4,16-01-2016,18-01-2016,17-01-2016,1,2,deliverd
23,1149,4,16-01-2016,19-01-2016,19-01-2016,1,2,deliverd
24,636,4,18-01-2016,20-01-2016,19-01-2016,2,7,deliverd
25,657,4,18-01-2016,21-01-2016,21-01-2016,2,6,deliverd
26,1280,4,18-01-2016,21-01-2016,19-01-2016,2,7,deliverd
27,57,4,19-01-2016,21-01-2016,20-01-2016,2,7,deliverd
28,252,4,19-01-2016,20-01-2016,21-01-2016,2,6,deliverd
29,437,4,20-01-2016,22-01-2016,21-01-2016,2,6,deliverd
30,1348,4,20-01-2016,21-01-2016,21-01-2016,2,6,deliverd
31,1238,4,20-01-2016,22-01-2016,22-01-2016,3,8,deliverd
32,1259,4,21-01-2016,24-01-2016,22-01-2016,1,3,deliverd
33,236,4,21-01-2016,22-01-2016,22-01-2016,2,6,deliverd
34,80,4,22-01-2016,25-01-2016,23-01-2016,2,6,deliverd
35,813,4,22-01-2016,25-01-2016,24-01-2016,2,7,deliverd
36,1321,4,23-01-2016,24-01-2016,24-01-2016,2,6,deliverd
37,164,4,25-01-2016,28-01-2016,26-01-2016,2,6,deliverd
38,583,4,25-01-2016,27-01-2016,26-01-2016,2,7,deliverd
39,1296,4,25-01-2016,26-01-2016,26-01-2016,2,7,deliverd
40,348,4,27-01-2016,28-01-2016,29-01-2016,1,3,deliverd
41,979,4,27-01-2016,30-01-2016,29-01-2016,2,6,deliverd
42,1095,4,27-01-2016,28-01-2016,30-01-2016,2,7,deliverd
43,1434,4,27-01-2016,28-01-2016,30-01-2016,2,7,deliverd
44,861,4,28-01-2016,31-01-2016,30-01-2016,2,7,deliverd
45,1220,4,28-01-2016,31-01-2016,31-01-2016,2,7,deliverd
46,746,4,29-01-2016,31-01-2016,31-01-2016,2,7,deliverd
47,1234,4,29-01-2016,30-01-2016,31-01-2016,2,7,deliverd
48,1012,4,30-01-2016,01-02-2016,02-02-2016,2,7,deliverd
49,608,4,31-01-2016,01-02-2016,02-02-2016,2,6,deliverd
50,872,4,31-01-2016,03-02-2016,02-02-2016,3,8,deliverd
51,1047,4,01-02-2016,02-02-2016,03-02-2016,2,7,deliverd
52,767,4,03-02-2016,04-02-2016,05-02-2016,1,2,deliverd
53,965,4,03-02-2016,04-02-2016,05-02-2016,2,6,deliverd
54,535,4,04-02-2016,07-02-2016,07-02-2016,2,7,deliverd
55,1173,4,04-02-2016,07-02-2016,06-02-2016,2,6,deliverd
56,1241,4,04-02-2016,06-02-2016,07-02-2016,2,6,deliverd
57,1305,4,04-02-2016,06-02-2016,06-02-2016,2,7,deliverd
58,504,4,05-02-2016,07-02-2016,07-02-2016,2,6,deliverd
59,563,4,05-02-2016,07-02-2016,06-02-2016,2,7,deliverd
60,151,4,06-02-2016,08-02-2016,07-02-2016,1,3,deliverd
61,277,4,06-02-2016,09-02-2016,09-02-2016,2,7,deliverd
62,208,4,07-02-2016,10-02-2016,10-02-2016,1,2,deliverd
63,1075,4,07-02-2016,09-02-2016,09-02-2016,2,7,deliverd
64,1185,4,07-02-2016,08-02-2016,09-02-2016,2,6,deliverd
65,996,4,08-02-2016,09-02-2016,11-02-2016,2,6,deliverd
66,1253,4,09-02-2016,12-02-2016,12-02-2016,2,7,deliverd
67,526,4,09-02-2016,11-02-2016,10-02-2016,3,8,deliverd
68,381,4,10-02-2016,11-02-2016,13-02-2016,2,6,deliverd
69,1413,4,10-02-2016,12-02-2016,11-02-2016,2,7,deliverd
70,50,3,11-02-2016,11-02-2016,NULL,3,9,shipped
71,797,4,11-02-2016,14-02-2016,12-02-2016,2,7,deliverd
72,1386,4,12-02-2016,15-02-2016,13-02-2016,1,2,deliverd
73,612,4,12-02-2016,15-02-2016,14-02-2016,2,7,deliverd
74,264,4,13-02-2016,15-02-2016,15-02-2016,2,7,deliverd
75,587,4,14-02-2016,15-02-2016,17-02-2016,2,6,deliverd
76,9,3,16-02-2016,16-02-2016,NULL,2,6,shipped
77,385,4,16-02-2016,19-02-2016,19-02-2016,1,2,deliverd
78,1182,4,16-02-2016,18-02-2016,19-02-2016,2,7,deliverd
79,529,4,17-02-2016,20-02-2016,20-02-2016,1,3,deliverd
80,397,4,17-02-2016,20-02-2016,19-02-2016,2,6,deliverd
81,521,4,17-02-2016,19-02-2016,18-02-2016,2,6,deliverd
82,1223,4,18-02-2016,21-02-2016,20-02-2016,2,6,deliverd
83,393,4,19-02-2016,20-02-2016,20-02-2016,1,3,deliverd
84,317,4,20-02-2016,22-02-2016,21-02-2016,2,7,deliverd
85,1174,4,20-02-2016,23-02-2016,21-02-2016,2,7,deliverd
86,276,4,21-02-2016,22-02-2016,23-02-2016,2,7,deliverd
87,516,4,21-02-2016,22-02-2016,23-02-2016,2,6,deliverd
88,1069,4,21-02-2016,22-02-2016,23-02-2016,2,6,deliverd
89,668,4,21-02-2016,24-02-2016,24-02-2016,3,8,deliverd
90,414,4,23-02-2016,25-02-2016,24-02-2016,2,7,deliverd
91,648,4,25-02-2016,27-02-2016,28-02-2016,1,2,deliverd
92,1309,4,25-02-2016,28-02-2016,28-02-2016,2,7,deliverd
93,1328,4,26-02-2016,28-02-2016,27-02-2016,1,3,deliverd
94,929,4,27-02-2016,28-02-2016,29-02-2016,1,2,deliverd
95,218,4,27-02-2016,29-02-2016,28-02-2016,2,7,deliverd
96,1094,4,27-02-2016,29-02-2016,28-02-2016,2,7,deliverd
97,204,4,28-02-2016,29-02-2016,01-03-2016,2,7,deliverd
98,1194,4,28-02-2016,29-02-2016,29-02-2016,2,6,deliverd
99,1165,4,29-02-2016,01-03-2016,03-03-2016,3,9,deliverd
100,1237,4,01-03-2016,04-03-2016,03-03-2016,2,7,deliverd
101,271,4,01-03-2016,04-03-2016,04-03-2016,3,8,deliverd
102,336,4,02-03-2016,05-03-2016,03-03-2016,2,7,deliverd
103,991,4,03-03-2016,06-03-2016,05-03-2016,1,2,deliverd
104,7,4,03-03-2016,05-03-2016,05-03-2016,2,7,deliverd
105,306,4,03-03-2016,05-03-2016,04-03-2016,2,7,deliverd
106,422,4,04-03-2016,05-03-2016,05-03-2016,3,9,deliverd
107,633,4,06-03-2016,09-03-2016,09-03-2016,1,2,deliverd
108,12,4,06-03-2016,09-03-2016,07-03-2016,2,6,deliverd
109,1255,4,06-03-2016,09-03-2016,09-03-2016,2,6,deliverd
110,677,4,06-03-2016,08-03-2016,09-03-2016,3,9,deliverd
111,630,4,07-03-2016,10-03-2016,10-03-2016,2,6,deliverd
112,469,4,08-03-2016,11-03-2016,10-03-2016,2,6,deliverd
113,1078,4,08-03-2016,11-03-2016,11-03-2016,2,6,deliverd
114,1431,4,08-03-2016,10-03-2016,11-03-2016,2,7,deliverd
115,1369,4,09-03-2016,11-03-2016,11-03-2016,2,7,deliverd
116,471,4,10-03-2016,11-03-2016,11-03-2016,2,7,deliverd
117,740,4,10-03-2016,13-03-2016,11-03-2016,2,6,deliverd
118,577,4,12-03-2016,14-03-2016,13-03-2016,1,2,deliverd
119,925,4,12-03-2016,14-03-2016,14-03-2016,2,7,deliverd
120,327,4,14-03-2016,15-03-2016,17-03-2016,2,7,deliverd
121,755,4,14-03-2016,15-03-2016,16-03-2016,2,6,deliverd
122,786,4,14-03-2016,16-03-2016,15-03-2016,2,6,deliverd
123,766,4,15-03-2016,18-03-2016,17-03-2016,2,6,deliverd
124,403,4,16-03-2016,18-03-2016,17-03-2016,1,3,deliverd
125,685,4,16-03-2016,19-03-2016,17-03-2016,2,6,deliverd
126,1365,4,16-03-2016,18-03-2016,18-03-2016,2,7,deliverd
127,484,4,17-03-2016,18-03-2016,19-03-2016,3,8,deliverd
128,86,4,18-03-2016,20-03-2016,21-03-2016,2,6,deliverd
129,84,4,19-03-2016,21-03-2016,21-03-2016,2,7,deliverd
130,1049,4,19-03-2016,22-03-2016,20-03-2016,2,6,deliverd
131,316,4,19-03-2016,22-03-2016,20-03-2016,3,8,deliverd
132,46,4,20-03-2016,22-03-2016,23-03-2016,1,3,deliverd
133,409,4,20-03-2016,22-03-2016,21-03-2016,2,7,deliverd
134,679,4,20-03-2016,21-03-2016,21-03-2016,2,7,deliverd
135,1354,4,21-03-2016,23-03-2016,23-03-2016,2,7,deliverd
136,1192,4,21-03-2016,24-03-2016,23-03-2016,3,8,deliverd
137,370,4,23-03-2016,26-03-2016,25-03-2016,2,7,deliverd
138,438,4,23-03-2016,24-03-2016,25-03-2016,2,7,deliverd
139,710,4,23-03-2016,24-03-2016,26-03-2016,2,7,deliverd
140,1264,4,23-03-2016,26-03-2016,26-03-2016,2,7,deliverd
141,557,4,25-03-2016,27-03-2016,26-03-2016,2,7,deliverd
142,170,4,26-03-2016,27-03-2016,27-03-2016,1,3,deliverd
143,693,4,26-03-2016,28-03-2016,28-03-2016,2,7,deliverd
144,1124,4,26-03-2016,29-03-2016,29-03-2016,2,7,deliverd
145,366,4,27-03-2016,29-03-2016,30-03-2016,2,6,deliverd
146,288,4,28-03-2016,30-03-2016,30-03-2016,1,3,deliverd
147,55,4,28-03-2016,31-03-2016,31-03-2016,2,7,deliverd
148,714,4,28-03-2016,30-03-2016,30-03-2016,2,6,deliverd
149,763,4,28-03-2016,30-03-2016,29-03-2016,2,6,deliverd
150,332,4,29-03-2016,31-03-2016,01-04-2016,1,2,deliverd
151,926,4,29-03-2016,01-04-2016,31-03-2016,1,2,deliverd
152,76,4,29-03-2016,30-03-2016,30-03-2016,2,6,deliverd
153,498,4,30-03-2016,02-04-2016,01-04-2016,2,6,deliverd
154,1286,4,31-03-2016,01-04-2016,01-04-2016,1,2,deliverd
155,371,4,02-04-2016,03-04-2016,04-04-2016,2,6,deliverd
156,357,4,03-04-2016,06-04-2016,05-04-2016,1,3,deliverd
157,43,4,03-04-2016,06-04-2016,06-04-2016,3,8,deliverd
158,117,3,04-04-2016,04-04-2016,NULL,3,9,shipped
159,32,4,04-04-2016,06-04-2016,06-04-2016,1,2,deliverd
160,205,4,04-04-2016,06-04-2016,06-04-2016,2,7,deliverd
161,251,4,04-04-2016,07-04-2016,05-04-2016,2,7,deliverd
162,31,4,06-04-2016,08-04-2016,07-04-2016,1,3,deliverd
163,1325,4,06-04-2016,07-04-2016,07-04-2016,2,7,deliverd
164,610,4,07-04-2016,08-04-2016,09-04-2016,2,7,deliverd
165,574,4,08-04-2016,10-04-2016,10-04-2016,1,3,deliverd
166,338,4,08-04-2016,11-04-2016,11-04-2016,2,6,deliverd
167,1034,4,08-04-2016,09-04-2016,11-04-2016,2,7,deliverd
168,1147,4,09-04-2016,12-04-2016,11-04-2016,1,3,deliverd
169,99,4,10-04-2016,11-04-2016,11-04-2016,2,7,deliverd
170,1200,4,10-04-2016,11-04-2016,13-04-2016,2,7,deliverd
171,237,4,11-04-2016,14-04-2016,14-04-2016,1,3,deliverd
172,1079,4,11-04-2016,12-04-2016,14-04-2016,2,7,deliverd
173,117,4,11-04-2016,14-04-2016,13-04-2016,3,8,deliverd
174,1361,4,12-04-2016,13-04-2016,15-04-2016,2,7,deliverd
175,951,4,13-04-2016,14-04-2016,14-04-2016,2,6,deliverd
176,643,4,15-04-2016,16-04-2016,17-04-2016,2,7,deliverd
177,121,4,16-04-2016,19-04-2016,19-04-2016,1,2,deliverd
178,756,4,16-04-2016,17-04-2016,18-04-2016,2,6,deliverd
179,616,4,17-04-2016,19-04-2016,19-04-2016,2,6,deliverd
180,918,4,17-04-2016,20-04-2016,19-04-2016,2,7,deliverd
181,459,4,18-04-2016,20-04-2016,20-04-2016,1,3,deliverd
182,854,4,18-04-2016,19-04-2016,20-04-2016,2,6,deliverd
183,22,4,19-04-2016,20-04-2016,20-04-2016,2,7,deliverd
184,134,4,19-04-2016,21-04-2016,22-04-2016,2,7,deliverd
185,24,3,20-04-2016,20-04-2016,NULL,1,2,shipped
186,1127,4,21-04-2016,22-04-2016,24-04-2016,2,6,deliverd
187,183,4,22-04-2016,23-04-2016,24-04-2016,2,6,deliverd
188,390,4,22-04-2016,23-04-2016,25-04-2016,2,6,deliverd
189,1288,4,23-04-2016,24-04-2016,26-04-2016,1,2,deliverd
190,98,4,23-04-2016,25-04-2016,25-04-2016,2,6,deliverd
191,919,4,27-04-2016,28-04-2016,28-04-2016,1,2,deliverd
192,728,4,27-04-2016,28-04-2016,29-04-2016,2,7,deliverd
193,1366,4,28-04-2016,30-04-2016,30-04-2016,1,3,deliverd
194,558,4,28-04-2016,30-04-2016,01-05-2016,2,7,deliverd
195,727,4,28-04-2016,01-05-2016,01-05-2016,2,7,deliverd
196,1247,4,28-04-2016,30-04-2016,01-05-2016,2,6,deliverd
197,127,4,30-04-2016,03-05-2016,03-05-2016,2,7,deliverd
198,640,4,01-05-2016,04-05-2016,03-05-2016,2,6,deliverd
199,760,4,01-05-2016,04-05-2016,04-05-2016,2,7,deliverd
200,1074,4,01-05-2016,03-05-2016,03-05-2016,2,6,deliverd
201,280,4,01-05-2016,04-05-2016,02-05-2016,3,9,deliverd
202,600,4,03-05-2016,05-05-2016,04-05-2016,1,2,deliverd
203,1102,4,03-05-2016,05-05-2016,06-05-2016,3,9,deliverd
204,591,4,04-05-2016,07-05-2016,06-05-2016,2,7,deliverd
205,635,4,04-05-2016,05-05-2016,06-05-2016,2,6,deliverd
206,743,4,04-05-2016,06-05-2016,05-05-2016,3,9,deliverd
207,105,4,05-05-2016,07-05-2016,07-05-2016,2,7,deliverd
208,815,4,06-05-2016,07-05-2016,09-05-2016,2,7,deliverd
209,514,4,07-05-2016,08-05-2016,08-05-2016,2,6,deliverd
210,943,4,07-05-2016,08-05-2016,09-05-2016,2,6,deliverd
211,1140,4,07-05-2016,09-05-2016,08-05-2016,2,6,deliverd
212,1373,4,08-05-2016,09-05-2016,11-05-2016,2,6,deliverd
213,788,4,08-05-2016,09-05-2016,09-05-2016,3,8,deliverd
214,363,4,10-05-2016,12-05-2016,11-05-2016,2,6,deliverd
215,1420,4,10-05-2016,13-05-2016,12-05-2016,2,7,deliverd
216,267,4,11-05-2016,14-05-2016,13-05-2016,1,3,deliverd
217,716,4,11-05-2016,12-05-2016,14-05-2016,2,7,deliverd
218,1179,4,12-05-2016,14-05-2016,14-05-2016,2,7,deliverd
219,1338,4,12-05-2016,15-05-2016,15-05-2016,2,6,deliverd
220,1358,4,12-05-2016,14-05-2016,15-05-2016,2,6,deliverd
221,1218,4,13-05-2016,16-05-2016,14-05-2016,1,2,deliverd
222,51,4,13-05-2016,16-05-2016,14-05-2016,2,6,deliverd
223,1368,4,15-05-2016,16-05-2016,17-05-2016,2,7,deliverd
224,157,4,17-05-2016,18-05-2016,19-05-2016,1,3,deliverd
225,307,4,17-05-2016,20-05-2016,19-05-2016,1,3,deliverd
226,501,4,17-05-2016,19-05-2016,20-05-2016,1,2,deliverd
227,489,4,17-05-2016,18-05-2016,20-05-2016,2,7,deliverd
228,615,4,17-05-2016,20-05-2016,20-05-2016,2,7,deliverd
229,742,4,19-05-2016,21-05-2016,20-05-2016,2,6,deliverd
230,1167,4,19-05-2016,20-05-2016,21-05-2016,2,6,deliverd
231,1257,4,19-05-2016,22-05-2016,21-05-2016,2,6,deliverd
232,1360,4,20-05-2016,23-05-2016,23-05-2016,1,3,deliverd
233,737,4,21-05-2016,22-05-2016,24-05-2016,2,6,deliverd
234,1435,4,22-05-2016,24-05-2016,24-05-2016,2,6,deliverd
235,649,4,24-05-2016,25-05-2016,25-05-2016,2,6,deliverd
236,206,4,25-05-2016,27-05-2016,26-05-2016,2,6,deliverd
237,1351,4,25-05-2016,26-05-2016,27-05-2016,2,7,deliverd
238,1350,4,26-05-2016,29-05-2016,29-05-2016,2,6,deliverd
239,13,3,27-05-2016,27-05-2016,NULL,3,9,shipped
240,65,4,27-05-2016,29-05-2016,30-05-2016,2,6,deliverd
241,1082,4,27-05-2016,29-05-2016,29-05-2016,2,7,deliverd
242,1168,4,27-05-2016,30-05-2016,30-05-2016,2,7,deliverd
243,802,4,27-05-2016,30-05-2016,28-05-2016,3,8,deliverd
244,956,4,28-05-2016,29-05-2016,29-05-2016,2,6,deliverd
245,223,4,29-05-2016,31-05-2016,30-05-2016,2,7,deliverd
246,17,3,30-05-2016,30-05-2016,NULL,2,6,shipped
247,928,4,30-05-2016,01-06-2016,01-06-2016,1,3,deliverd
248,1376,4,30-05-2016,01-06-2016,31-05-2016,2,7,deliverd
249,145,4,01-06-2016,04-06-2016,04-06-2016,2,6,deliverd
250,150,4,01-06-2016,02-06-2016,04-06-2016,2,7,deliverd
251,851,4,01-06-2016,04-06-2016,04-06-2016,2,7,deliverd
252,66,4,01-06-2016,04-06-2016,02-06-2016,3,8,deliverd
253,1267,4,02-06-2016,05-06-2016,05-06-2016,2,6,deliverd
254,510,4,03-06-2016,06-06-2016,05-06-2016,2,7,deliverd
255,801,4,03-06-2016,06-06-2016,05-06-2016,2,7,deliverd
256,26,4,04-06-2016,05-06-2016,07-06-2016,2,7,deliverd
257,1314,4,05-06-2016,06-06-2016,08-06-2016,1,3,deliverd
258,107,4,06-06-2016,07-06-2016,07-06-2016,2,7,deliverd
259,413,4,06-06-2016,09-06-2016,09-06-2016,2,7,deliverd
260,632,4,06-06-2016,08-06-2016,08-06-2016,2,6,deliverd
261,1045,4,08-06-2016,10-06-2016,09-06-2016,1,2,deliverd
262,579,4,08-06-2016,11-06-2016,10-06-2016,3,9,deliverd
263,1322,4,09-06-2016,10-06-2016,12-06-2016,2,6,deliverd
264,5,3,10-06-2016,10-06-2016,NULL,1,3,shipped
265,682,4,10-06-2016,12-06-2016,11-06-2016,2,7,deliverd
266,933,4,10-06-2016,13-06-2016,13-06-2016,2,7,deliverd
267,282,4,11-06-2016,14-06-2016,14-06-2016,1,3,deliverd
268,540,4,11-06-2016,14-06-2016,12-06-2016,1,3,deliverd
269,764,4,12-06-2016,13-06-2016,15-06-2016,2,6,deliverd
270,879,4,12-06-2016,15-06-2016,13-06-2016,2,7,deliverd
271,350,4,13-06-2016,16-06-2016,14-06-2016,2,7,deliverd
272,497,4,15-06-2016,18-06-2016,16-06-2016,2,7,deliverd
273,1340,4,16-06-2016,19-06-2016,17-06-2016,2,7,deliverd
274,411,4,17-06-2016,20-06-2016,18-06-2016,2,7,deliverd
275,1341,4,17-06-2016,19-06-2016,18-06-2016,2,7,deliverd
276,1227,4,18-06-2016,19-06-2016,19-06-2016,2,6,deliverd
277,546,4,19-06-2016,20-06-2016,20-06-2016,2,7,deliverd
278,1301,4,20-06-2016,23-06-2016,21-06-2016,1,3,deliverd
279,378,4,21-06-2016,22-06-2016,22-06-2016,2,6,deliverd
280,638,4,21-06-2016,22-06-2016,23-06-2016,2,7,deliverd
281,800,4,21-06-2016,22-06-2016,23-06-2016,2,7,deliverd
282,159,4,22-06-2016,25-06-2016,25-06-2016,3,9,deliverd
283,181,4,23-06-2016,26-06-2016,26-06-2016,1,2,deliverd
284,1356,4,23-06-2016,25-06-2016,25-06-2016,2,7,deliverd
285,319,4,25-06-2016,26-06-2016,27-06-2016,1,2,deliverd
286,59,4,25-06-2016,26-06-2016,26-06-2016,2,6,deliverd
287,133,4,25-06-2016,26-06-2016,27-06-2016,2,6,deliverd
288,780,4,25-06-2016,28-06-2016,28-06-2016,2,6,deliverd
289,849,4,27-06-2016,28-06-2016,30-06-2016,2,6,deliverd
290,202,4,28-06-2016,29-06-2016,30-06-2016,2,6,deliverd
291,158,4,29-06-2016,30-06-2016,01-07-2016,2,6,deliverd
292,360,4,29-06-2016,30-06-2016,02-07-2016,3,9,deliverd
293,573,4,30-06-2016,03-07-2016,02-07-2016,2,7,deliverd
294,732,4,01-07-2016,02-07-2016,02-07-2016,2,7,deliverd
295,1130,4,01-07-2016,04-07-2016,04-07-2016,2,7,deliverd
296,1245,4,04-07-2016,07-07-2016,06-07-2016,2,6,deliverd
297,1425,4,04-07-2016,05-07-2016,06-07-2016,2,7,deliverd
298,885,4,04-07-2016,07-07-2016,07-07-2016,3,9,deliverd
299,281,4,05-07-2016,06-07-2016,07-07-2016,2,6,deliverd
300,1205,4,05-07-2016,08-07-2016,08-07-2016,2,6,deliverd
301,17,4,06-07-2016,09-07-2016,08-07-2016,2,6,deliverd
302,1375,4,06-07-2016,07-07-2016,09-07-2016,2,6,deliverd
303,36,4,07-07-2016,08-07-2016,09-07-2016,2,7,deliverd
304,230,4,07-07-2016,08-07-2016,08-07-2016,2,6,deliverd
305,705,4,07-07-2016,08-07-2016,08-07-2016,2,7,deliverd
306,424,4,09-07-2016,10-07-2016,12-07-2016,2,7,deliverd
307,695,4,09-07-2016,11-07-2016,11-07-2016,2,6,deliverd
308,156,4,11-07-2016,12-07-2016,14-07-2016,2,6,deliverd
309,211,4,11-07-2016,13-07-2016,13-07-2016,2,6,deliverd
310,627,4,12-07-2016,13-07-2016,13-07-2016,1,2,deliverd
311,1400,4,12-07-2016,14-07-2016,13-07-2016,2,6,deliverd
312,299,4,13-07-2016,15-07-2016,16-07-2016,2,6,deliverd
313,565,4,14-07-2016,15-07-2016,15-07-2016,3,9,deliverd
314,1019,4,15-07-2016,17-07-2016,17-07-2016,2,7,deliverd
315,1263,4,16-07-2016,19-07-2016,17-07-2016,2,6,deliverd
316,670,4,17-07-2016,20-07-2016,19-07-2016,2,7,deliverd
317,795,4,17-07-2016,20-07-2016,19-07-2016,2,7,deliverd
318,1141,4,17-07-2016,19-07-2016,20-07-2016,2,7,deliverd
319,941,4,18-07-2016,21-07-2016,21-07-2016,2,6,deliverd
320,1428,4,19-07-2016,20-07-2016,21-07-2016,1,2,deliverd
321,568,4,19-07-2016,22-07-2016,21-07-2016,2,6,deliverd
322,924,4,19-07-2016,22-07-2016,20-07-2016,2,6,deliverd
323,1243,4,19-07-2016,22-07-2016,21-07-2016,2,6,deliverd
324,480,4,20-07-2016,22-07-2016,23-07-2016,2,6,deliverd
325,848,4,20-07-2016,21-07-2016,21-07-2016,2,6,deliverd
326,1337,4,20-07-2016,21-07-2016,22-07-2016,3,9,deliverd
327,83,4,21-07-2016,24-07-2016,22-07-2016,2,6,deliverd
328,528,4,23-07-2016,26-07-2016,25-07-2016,2,6,deliverd
329,274,4,24-07-2016,27-07-2016,26-07-2016,2,6,deliverd
330,622,4,24-07-2016,27-07-2016,27-07-2016,2,6,deliverd
331,642,4,24-07-2016,26-07-2016,25-07-2016,2,6,deliverd
332,659,4,24-07-2016,26-07-2016,26-07-2016,2,7,deliverd
333,779,4,25-07-2016,27-07-2016,26-07-2016,2,6,deliverd
334,1112,4,25-07-2016,28-07-2016,27-07-2016,2,7,deliverd
335,1193,4,25-07-2016,27-07-2016,26-07-2016,2,6,deliverd
336,1030,4,26-07-2016,29-07-2016,27-07-2016,2,7,deliverd
337,1252,4,26-07-2016,27-07-2016,28-07-2016,2,7,deliverd
338,1333,4,28-07-2016,29-07-2016,30-07-2016,1,3,deliverd
339,1110,4,28-07-2016,31-07-2016,29-07-2016,2,7,deliverd
340,963,4,29-07-2016,30-07-2016,31-07-2016,2,7,deliverd
341,1357,4,31-07-2016,03-08-2016,01-08-2016,1,3,deliverd
342,806,4,31-07-2016,01-08-2016,03-08-2016,2,7,deliverd
343,961,4,31-07-2016,02-08-2016,01-08-2016,2,7,deliverd
344,750,4,01-08-2016,03-08-2016,02-08-2016,2,6,deliverd
345,1299,4,01-08-2016,04-08-2016,03-08-2016,2,6,deliverd
346,584,4,01-08-2016,03-08-2016,02-08-2016,3,9,deliverd
347,1004,4,02-08-2016,03-08-2016,05-08-2016,2,6,deliverd
348,907,4,02-08-2016,05-08-2016,04-08-2016,3,9,deliverd
349,30,3,03-08-2016,03-08-2016,NULL,1,3,shipped
350,31,3,03-08-2016,03-08-2016,NULL,1,3,shipped
351,1307,4,03-08-2016,06-08-2016,04-08-2016,1,2,deliverd
352,16,4,03-08-2016,04-08-2016,06-08-2016,2,7,deliverd
353,1387,4,03-08-2016,06-08-2016,06-08-2016,2,7,deliverd
354,551,4,03-08-2016,05-08-2016,06-08-2016,3,8,deliverd
355,1011,4,03-08-2016,05-08-2016,05-08-2016,3,8,deliverd
356,1189,4,04-08-2016,07-08-2016,06-08-2016,2,6,deliverd
357,14,3,05-08-2016,05-08-2016,NULL,3,8,shipped
358,1042,4,05-08-2016,07-08-2016,07-08-2016,2,7,deliverd
359,441,4,07-08-2016,10-08-2016,10-08-2016,2,7,deliverd
360,1300,4,07-08-2016,09-08-2016,10-08-2016,2,6,deliverd
361,994,4,08-08-2016,09-08-2016,11-08-2016,2,6,deliverd
362,187,4,09-08-2016,11-08-2016,11-08-2016,1,2,deliverd
363,834,4,11-08-2016,12-08-2016,13-08-2016,3,8,deliverd
364,373,4,12-08-2016,14-08-2016,13-08-2016,2,6,deliverd
365,981,4,13-08-2016,14-08-2016,15-08-2016,2,6,deliverd
366,1054,4,13-08-2016,14-08-2016,14-08-2016,3,9,deliverd
367,527,4,14-08-2016,15-08-2016,15-08-2016,2,7,deliverd
368,995,4,14-08-2016,15-08-2016,17-08-2016,2,7,deliverd
369,1285,4,15-08-2016,18-08-2016,18-08-2016,1,3,deliverd
370,758,4,15-08-2016,18-08-2016,18-08-2016,2,7,deliverd
371,891,4,15-08-2016,16-08-2016,18-08-2016,2,7,deliverd
372,132,4,16-08-2016,18-08-2016,18-08-2016,2,6,deliverd
373,337,4,16-08-2016,19-08-2016,17-08-2016,2,7,deliverd
374,1313,4,17-08-2016,19-08-2016,18-08-2016,1,2,deliverd
375,536,4,17-08-2016,20-08-2016,20-08-2016,2,7,deliverd
376,825,4,17-08-2016,19-08-2016,18-08-2016,2,6,deliverd
377,1355,4,17-08-2016,19-08-2016,20-08-2016,2,6,deliverd
378,475,4,17-08-2016,20-08-2016,20-08-2016,3,9,deliverd
379,954,4,18-08-2016,21-08-2016,21-08-2016,2,7,deliverd
380,1156,4,19-08-2016,20-08-2016,21-08-2016,2,7,deliverd
381,1297,4,19-08-2016,21-08-2016,21-08-2016,2,7,deliverd
382,199,4,20-08-2016,23-08-2016,23-08-2016,2,6,deliverd
383,331,4,20-08-2016,23-08-2016,22-08-2016,2,7,deliverd
384,410,4,20-08-2016,22-08-2016,23-08-2016,2,7,deliverd
385,1274,4,20-08-2016,23-08-2016,22-08-2016,2,7,deliverd
386,1362,4,20-08-2016,23-08-2016,23-08-2016,2,6,deliverd
387,451,4,20-08-2016,21-08-2016,21-08-2016,3,8,deliverd
388,1080,4,21-08-2016,24-08-2016,23-08-2016,3,8,deliverd
389,53,4,22-08-2016,24-08-2016,25-08-2016,1,3,deliverd
390,576,4,22-08-2016,24-08-2016,25-08-2016,3,9,deliverd
391,61,3,23-08-2016,23-08-2016,NULL,3,9,shipped
392,176,4,23-08-2016,26-08-2016,24-08-2016,1,3,deliverd
393,368,4,25-08-2016,26-08-2016,27-08-2016,2,6,deliverd
394,522,4,26-08-2016,28-08-2016,29-08-2016,1,3,deliverd
395,144,4,26-08-2016,27-08-2016,29-08-2016,2,6,deliverd
396,542,4,27-08-2016,30-08-2016,29-08-2016,2,6,deliverd
397,1437,4,28-08-2016,31-08-2016,29-08-2016,2,7,deliverd
398,447,4,29-08-2016,30-08-2016,01-09-2016,1,2,deliverd
399,1001,4,29-08-2016,01-09-2016,01-09-2016,2,7,deliverd
400,1295,4,29-08-2016,30-08-2016,31-08-2016,2,6,deliverd
401,103,4,30-08-2016,02-09-2016,01-09-2016,2,6,deliverd
402,1335,4,30-08-2016,01-09-2016,31-08-2016,2,6,deliverd
403,578,4,31-08-2016,01-09-2016,02-09-2016,1,3,deliverd
404,396,4,31-08-2016,03-09-2016,01-09-2016,2,7,deliverd
405,603,4,31-08-2016,01-09-2016,01-09-2016,2,6,deliverd
406,1380,4,31-08-2016,02-09-2016,01-09-2016,2,7,deliverd
407,77,3,01-09-2016,01-09-2016,NULL,3,8,shipped
408,1071,4,01-09-2016,02-09-2016,02-09-2016,1,2,deliverd
409,416,4,01-09-2016,04-09-2016,04-09-2016,2,7,deliverd
410,1151,4,01-09-2016,03-09-2016,02-09-2016,2,6,deliverd
411,261,4,02-09-2016,04-09-2016,04-09-2016,1,3,deliverd
412,1202,4,02-09-2016,04-09-2016,04-09-2016,1,3,deliverd
413,717,4,02-09-2016,05-09-2016,03-09-2016,2,6,deliverd
414,917,4,03-09-2016,06-09-2016,06-09-2016,2,7,deliverd
415,1265,4,03-09-2016,06-09-2016,06-09-2016,2,7,deliverd
416,1377,4,03-09-2016,04-09-2016,06-09-2016,2,7,deliverd
417,359,4,04-09-2016,05-09-2016,06-09-2016,1,3,deliverd
418,88,4,04-09-2016,05-09-2016,05-09-2016,2,6,deliverd
419,14,4,04-09-2016,07-09-2016,06-09-2016,3,8,deliverd
420,72,4,05-09-2016,06-09-2016,07-09-2016,1,3,deliverd
421,240,4,05-09-2016,06-09-2016,08-09-2016,1,3,deliverd
422,398,4,06-09-2016,07-09-2016,09-09-2016,2,6,deliverd
423,1397,4,06-09-2016,09-09-2016,09-09-2016,2,7,deliverd
424,67,4,08-09-2016,11-09-2016,11-09-2016,1,3,deliverd
425,843,4,08-09-2016,11-09-2016,11-09-2016,2,6,deliverd
426,944,4,08-09-2016,10-09-2016,10-09-2016,2,6,deliverd
427,434,4,09-09-2016,10-09-2016,11-09-2016,1,2,deliverd
428,1039,4,09-09-2016,12-09-2016,10-09-2016,2,6,deliverd
429,153,4,10-09-2016,12-09-2016,12-09-2016,3,8,deliverd
430,272,4,11-09-2016,13-09-2016,12-09-2016,2,6,deliverd
431,1217,4,11-09-2016,12-09-2016,12-09-2016,2,6,deliverd
432,169,4,12-09-2016,15-09-2016,14-09-2016,1,2,deliverd
433,1062,4,12-09-2016,15-09-2016,13-09-2016,2,6,deliverd
434,726,4,13-09-2016,15-09-2016,14-09-2016,2,6,deliverd
435,77,4,14-09-2016,15-09-2016,16-09-2016,3,9,deliverd
436,791,4,16-09-2016,19-09-2016,19-09-2016,2,7,deliverd
437,1085,4,16-09-2016,18-09-2016,18-09-2016,2,7,deliverd
438,314,4,16-09-2016,19-09-2016,18-09-2016,3,8,deliverd
439,149,4,17-09-2016,20-09-2016,18-09-2016,2,6,deliverd
440,882,4,17-09-2016,18-09-2016,19-09-2016,2,7,deliverd
441,704,4,18-09-2016,19-09-2016,19-09-2016,1,2,deliverd
442,667,4,18-09-2016,21-09-2016,21-09-2016,2,7,deliverd
443,1371,4,18-09-2016,19-09-2016,20-09-2016,2,6,deliverd
444,30,4,19-09-2016,20-09-2016,21-09-2016,1,2,deliverd
445,362,4,19-09-2016,22-09-2016,22-09-2016,2,6,deliverd
446,399,4,19-09-2016,21-09-2016,20-09-2016,2,7,deliverd
447,808,4,20-09-2016,23-09-2016,22-09-2016,3,8,deliverd
448,101,4,21-09-2016,22-09-2016,24-09-2016,2,6,deliverd
449,492,4,21-09-2016,24-09-2016,22-09-2016,2,7,deliverd
450,575,4,21-09-2016,24-09-2016,23-09-2016,2,7,deliverd
451,1146,4,21-09-2016,23-09-2016,22-09-2016,2,7,deliverd
452,997,4,22-09-2016,23-09-2016,24-09-2016,2,7,deliverd
453,1028,4,22-09-2016,24-09-2016,25-09-2016,2,7,deliverd
454,988,4,23-09-2016,25-09-2016,26-09-2016,2,6,deliverd
455,1055,4,23-09-2016,24-09-2016,24-09-2016,2,7,deliverd
456,1061,4,23-09-2016,26-09-2016,25-09-2016,3,9,deliverd
457,1349,4,24-09-2016,27-09-2016,27-09-2016,1,3,deliverd
458,197,4,25-09-2016,28-09-2016,26-09-2016,2,6,deliverd
459,874,4,25-09-2016,28-09-2016,26-09-2016,2,6,deliverd
460,691,4,25-09-2016,27-09-2016,26-09-2016,3,8,deliverd
461,853,4,26-09-2016,27-09-2016,27-09-2016,2,7,deliverd
462,852,4,27-09-2016,28-09-2016,29-09-2016,2,6,deliverd
463,964,4,27-09-2016,28-09-2016,28-09-2016,3,8,deliverd
464,74,4,28-09-2016,30-09-2016,29-09-2016,2,7,deliverd
465,1198,4,28-09-2016,01-10-2016,01-10-2016,2,6,deliverd
466,1440,4,28-09-2016,29-09-2016,01-10-2016,2,7,deliverd
467,555,4,28-09-2016,30-09-2016,30-09-2016,3,8,deliverd
468,1261,4,29-09-2016,02-10-2016,30-09-2016,1,3,deliverd
469,1089,4,29-09-2016,02-10-2016,02-10-2016,2,7,deliverd
470,641,4,30-09-2016,02-10-2016,02-10-2016,1,3,deliverd
471,697,4,30-09-2016,02-10-2016,01-10-2016,1,3,deliverd
472,468,4,30-09-2016,01-10-2016,01-10-2016,2,7,deliverd
473,549,4,30-09-2016,02-10-2016,03-10-2016,2,7,deliverd
474,553,4,01-10-2016,04-10-2016,04-10-2016,1,3,deliverd
475,241,4,01-10-2016,04-10-2016,03-10-2016,2,7,deliverd
476,559,4,01-10-2016,04-10-2016,02-10-2016,2,6,deliverd
477,449,4,02-10-2016,05-10-2016,04-10-2016,1,2,deliverd
478,304,4,02-10-2016,05-10-2016,03-10-2016,2,7,deliverd
479,984,4,03-10-2016,04-10-2016,04-10-2016,2,6,deliverd
480,686,4,04-10-2016,07-10-2016,05-10-2016,1,3,deliverd
481,481,4,04-10-2016,07-10-2016,06-10-2016,3,9,deliverd
482,513,4,05-10-2016,06-10-2016,06-10-2016,2,6,deliverd
483,703,4,06-10-2016,07-10-2016,09-10-2016,1,2,deliverd
484,421,4,06-10-2016,09-10-2016,07-10-2016,2,7,deliverd
485,465,4,06-10-2016,08-10-2016,07-10-2016,2,7,deliverd
486,709,4,06-10-2016,08-10-2016,09-10-2016,2,7,deliverd
487,827,4,06-10-2016,09-10-2016,09-10-2016,2,6,deliverd
488,921,4,06-10-2016,09-10-2016,08-10-2016,2,6,deliverd
489,899,4,06-10-2016,08-10-2016,08-10-2016,3,8,deliverd
490,876,4,07-10-2016,10-10-2016,09-10-2016,2,6,deliverd
491,1048,4,08-10-2016,10-10-2016,11-10-2016,1,2,deliverd
492,191,4,09-10-2016,10-10-2016,12-10-2016,1,2,deliverd
493,796,4,09-10-2016,12-10-2016,11-10-2016,1,3,deliverd
494,875,4,09-10-2016,10-10-2016,11-10-2016,2,6,deliverd
495,712,4,10-10-2016,12-10-2016,13-10-2016,1,3,deliverd
496,193,4,10-10-2016,12-10-2016,11-10-2016,2,6,deliverd
497,785,4,10-10-2016,11-10-2016,11-10-2016,2,6,deliverd
498,1331,4,10-10-2016,12-10-2016,11-10-2016,2,6,deliverd
499,260,4,11-10-2016,14-10-2016,13-10-2016,1,2,deliverd
500,148,4,11-10-2016,12-10-2016,13-10-2016,2,6,deliverd
501,977,4,11-10-2016,12-10-2016,13-10-2016,2,7,deliverd
502,401,4,12-10-2016,13-10-2016,13-10-2016,3,9,deliverd
503,932,4,13-10-2016,16-10-2016,14-10-2016,2,6,deliverd
504,1381,4,14-10-2016,15-10-2016,15-10-2016,1,2,deliverd
505,721,4,14-10-2016,16-10-2016,17-10-2016,2,6,deliverd
506,831,4,14-10-2016,16-10-2016,16-10-2016,2,6,deliverd
507,1378,4,15-10-2016,17-10-2016,17-10-2016,1,3,deliverd
508,1359,4,15-10-2016,18-10-2016,18-10-2016,2,6,deliverd
509,235,4,16-10-2016,17-10-2016,17-10-2016,2,7,deliverd
510,586,4,17-10-2016,18-10-2016,18-10-2016,2,7,deliverd
511,377,4,18-10-2016,20-10-2016,19-10-2016,2,7,deliverd
512,8,4,19-10-2016,22-10-2016,20-10-2016,2,7,deliverd
513,155,4,19-10-2016,21-10-2016,21-10-2016,2,6,deliverd
514,927,4,19-10-2016,21-10-2016,20-10-2016,2,7,deliverd
515,986,4,19-10-2016,20-10-2016,22-10-2016,2,6,deliverd
516,111,4,21-10-2016,23-10-2016,24-10-2016,2,6,deliverd
517,613,4,21-10-2016,22-10-2016,24-10-2016,2,6,deliverd
518,1374,4,22-10-2016,24-10-2016,25-10-2016,1,2,deliverd
519,54,4,22-10-2016,23-10-2016,24-10-2016,2,7,deliverd
520,639,4,23-10-2016,26-10-2016,24-10-2016,2,7,deliverd
521,664,4,23-10-2016,25-10-2016,25-10-2016,2,6,deliverd
522,724,4,23-10-2016,24-10-2016,24-10-2016,2,7,deliverd
523,1056,4,24-10-2016,26-10-2016,27-10-2016,2,6,deliverd
524,569,4,25-10-2016,26-10-2016,27-10-2016,1,2,deliverd
525,1315,4,26-10-2016,28-10-2016,29-10-2016,1,3,deliverd
526,1096,4,26-10-2016,28-10-2016,28-10-2016,2,6,deliverd
527,506,4,27-10-2016,29-10-2016,28-10-2016,1,2,deliverd
528,676,4,28-10-2016,31-10-2016,31-10-2016,2,7,deliverd
529,753,4,28-10-2016,30-10-2016,31-10-2016,2,7,deliverd
530,773,4,28-10-2016,31-10-2016,31-10-2016,2,6,deliverd
531,116,4,28-10-2016,29-10-2016,30-10-2016,3,8,deliverd
532,817,4,29-10-2016,31-10-2016,30-10-2016,2,7,deliverd
533,1334,4,29-10-2016,01-11-2016,01-11-2016,2,6,deliverd
534,1406,4,29-10-2016,30-10-2016,31-10-2016,2,7,deliverd
535,835,4,29-10-2016,31-10-2016,01-11-2016,3,9,deliverd
536,759,4,31-10-2016,02-11-2016,01-11-2016,1,3,deliverd
537,1353,4,31-10-2016,01-11-2016,03-11-2016,1,2,deliverd
538,341,4,02-11-2016,05-11-2016,05-11-2016,2,6,deliverd
539,1144,4,02-11-2016,04-11-2016,03-11-2016,2,7,deliverd
540,1429,4,03-11-2016,05-11-2016,06-11-2016,1,3,deliverd
541,1228,4,04-11-2016,07-11-2016,07-11-2016,1,3,deliverd
542,313,4,04-11-2016,06-11-2016,05-11-2016,2,7,deliverd
543,62,4,06-11-2016,09-11-2016,08-11-2016,2,6,deliverd
544,321,4,06-11-2016,07-11-2016,08-11-2016,2,7,deliverd
545,1108,4,08-11-2016,10-11-2016,09-11-2016,3,9,deliverd
546,470,4,09-11-2016,12-11-2016,10-11-2016,2,7,deliverd
547,20,4,09-11-2016,11-11-2016,10-11-2016,3,8,deliverd
548,739,4,11-11-2016,13-11-2016,13-11-2016,2,7,deliverd
549,64,3,12-11-2016,12-11-2016,NULL,3,9,shipped
550,892,4,12-11-2016,14-11-2016,15-11-2016,2,7,deliverd
551,1169,4,12-11-2016,13-11-2016,13-11-2016,2,6,deliverd
552,1282,4,12-11-2016,15-11-2016,13-11-2016,2,7,deliverd
553,913,4,12-11-2016,13-11-2016,15-11-2016,3,9,deliverd
554,104,4,13-11-2016,14-11-2016,16-11-2016,1,3,deliverd
555,212,4,13-11-2016,14-11-2016,16-11-2016,2,7,deliverd
556,61,4,13-11-2016,14-11-2016,15-11-2016,3,9,deliverd
557,1248,4,14-11-2016,17-11-2016,15-11-2016,2,6,deliverd
558,1443,4,15-11-2016,16-11-2016,17-11-2016,2,7,deliverd
559,959,4,16-11-2016,17-11-2016,17-11-2016,1,2,deliverd
560,1405,4,18-11-2016,19-11-2016,21-11-2016,2,6,deliverd
561,90,4,19-11-2016,22-11-2016,22-11-2016,2,6,deliverd
562,942,4,19-11-2016,20-11-2016,22-11-2016,2,7,deliverd
563,365,4,20-11-2016,22-11-2016,21-11-2016,2,6,deliverd
564,1058,4,20-11-2016,23-11-2016,22-11-2016,2,7,deliverd
565,894,4,21-11-2016,22-11-2016,22-11-2016,2,7,deliverd
566,298,4,22-11-2016,25-11-2016,23-11-2016,1,3,deliverd
567,1430,4,22-11-2016,23-11-2016,23-11-2016,1,2,deliverd
568,1275,4,23-11-2016,25-11-2016,24-11-2016,1,3,deliverd
569,707,4,23-11-2016,24-11-2016,25-11-2016,2,6,deliverd
570,989,4,23-11-2016,24-11-2016,25-11-2016,2,6,deliverd
571,5,4,24-11-2016,25-11-2016,27-11-2016,1,2,deliverd
572,178,4,24-11-2016,26-11-2016,26-11-2016,2,6,deliverd
573,423,4,24-11-2016,26-11-2016,27-11-2016,2,6,deliverd
574,833,4,26-11-2016,27-11-2016,29-11-2016,2,7,deliverd
575,33,4,27-11-2016,28-11-2016,30-11-2016,1,3,deliverd
576,1272,4,27-11-2016,30-11-2016,28-11-2016,1,3,deliverd
577,445,4,27-11-2016,30-11-2016,29-11-2016,2,6,deliverd
578,819,4,27-11-2016,28-11-2016,29-11-2016,2,7,deliverd
579,160,4,27-11-2016,30-11-2016,29-11-2016,3,8,deliverd
580,581,4,30-11-2016,02-12-2016,02-12-2016,1,3,deliverd
581,688,4,03-12-2016,05-12-2016,06-12-2016,1,3,deliverd
582,32,3,04-12-2016,04-12-2016,NULL,1,2,shipped
583,792,4,04-12-2016,05-12-2016,07-12-2016,2,7,deliverd
584,1209,4,04-12-2016,05-12-2016,05-12-2016,2,7,deliverd
585,1219,4,04-12-2016,05-12-2016,05-12-2016,2,7,deliverd
586,1306,4,04-12-2016,06-12-2016,05-12-2016,2,6,deliverd
587,487,4,06-12-2016,08-12-2016,08-12-2016,1,2,deliverd
588,102,4,06-12-2016,07-12-2016,07-12-2016,2,7,deliverd
589,719,4,06-12-2016,07-12-2016,07-12-2016,2,7,deliverd
590,990,4,06-12-2016,09-12-2016,07-12-2016,2,7,deliverd
591,1211,4,06-12-2016,09-12-2016,09-12-2016,2,7,deliverd
592,1232,4,06-12-2016,08-12-2016,08-12-2016,2,7,deliverd
593,50,4,07-12-2016,10-12-2016,08-12-2016,3,8,deliverd
594,1318,4,07-12-2016,08-12-2016,08-12-2016,3,8,deliverd
595,538,4,08-12-2016,09-12-2016,11-12-2016,1,2,deliverd
596,952,4,08-12-2016,09-12-2016,09-12-2016,1,3,deliverd
597,1121,4,08-12-2016,09-12-2016,10-12-2016,2,6,deliverd
598,40,3,09-12-2016,09-12-2016,NULL,1,3,shipped
599,1,4,09-12-2016,10-12-2016,12-12-2016,2,6,deliverd
600,624,4,09-12-2016,12-12-2016,11-12-2016,2,7,deliverd
601,683,4,09-12-2016,10-12-2016,10-12-2016,2,6,deliverd
602,823,4,09-12-2016,10-12-2016,11-12-2016,2,6,deliverd
603,1032,4,09-12-2016,10-12-2016,10-12-2016,2,7,deliverd
604,96,4,10-12-2016,13-12-2016,12-12-2016,2,7,deliverd
605,1208,4,10-12-2016,11-12-2016,12-12-2016,2,6,deliverd
606,18,4,11-12-2016,12-12-2016,13-12-2016,2,7,deliverd
607,309,4,11-12-2016,14-12-2016,13-12-2016,2,6,deliverd
608,1103,4,12-12-2016,15-12-2016,14-12-2016,1,3,deliverd
609,896,4,12-12-2016,13-12-2016,14-12-2016,2,7,deliverd
610,711,4,13-12-2016,15-12-2016,14-12-2016,2,6,deliverd
611,1073,4,15-12-2016,17-12-2016,18-12-2016,2,7,deliverd
612,634,4,16-12-2016,17-12-2016,17-12-2016,2,7,deliverd
613,1159,4,17-12-2016,19-12-2016,19-12-2016,2,7,deliverd
614,654,4,18-12-2016,21-12-2016,21-12-2016,1,2,deliverd
615,560,4,19-12-2016,22-12-2016,21-12-2016,3,9,deliverd
616,1444,4,20-12-2016,23-12-2016,23-12-2016,2,6,deliverd
617,118,4,21-12-2016,23-12-2016,23-12-2016,2,7,deliverd
618,131,4,21-12-2016,22-12-2016,22-12-2016,2,6,deliverd
619,454,4,22-12-2016,25-12-2016,25-12-2016,2,7,deliverd
620,466,4,22-12-2016,24-12-2016,24-12-2016,2,6,deliverd
621,1157,4,23-12-2016,25-12-2016,24-12-2016,2,6,deliverd
622,1398,4,23-12-2016,26-12-2016,25-12-2016,2,7,deliverd
623,678,4,24-12-2016,26-12-2016,27-12-2016,2,6,deliverd
624,814,4,24-12-2016,25-12-2016,27-12-2016,2,6,deliverd
625,1163,4,25-12-2016,28-12-2016,26-12-2016,1,2,deliverd
626,130,4,25-12-2016,28-12-2016,27-12-2016,2,7,deliverd
627,1119,4,25-12-2016,26-12-2016,28-12-2016,2,6,deliverd
628,561,4,26-12-2016,29-12-2016,27-12-2016,1,3,deliverd
629,973,4,26-12-2016,27-12-2016,29-12-2016,1,2,deliverd
630,1404,4,26-12-2016,27-12-2016,28-12-2016,2,6,deliverd
631,855,4,27-12-2016,29-12-2016,29-12-2016,1,3,deliverd
632,163,4,27-12-2016,29-12-2016,29-12-2016,2,7,deliverd
633,1040,4,28-12-2016,31-12-2016,30-12-2016,3,8,deliverd
634,27,4,29-12-2016,01-01-2017,30-12-2016,2,6,deliverd
635,520,4,30-12-2016,02-01-2017,31-12-2016,2,6,deliverd
636,532,4,03-01-2017,04-01-2017,05-01-2017,1,2,deliverd
637,512,4,03-01-2017,05-01-2017,05-01-2017,2,6,deliverd
638,1302,4,04-01-2017,05-01-2017,06-01-2017,2,7,deliverd
639,550,4,06-01-2017,07-01-2017,07-01-2017,2,6,deliverd
640,1093,4,06-01-2017,08-01-2017,07-01-2017,2,6,deliverd
641,673,4,07-01-2017,10-01-2017,08-01-2017,1,3,deliverd
642,847,4,07-01-2017,09-01-2017,10-01-2017,2,7,deliverd
643,901,4,08-01-2017,09-01-2017,11-01-2017,1,3,deliverd
644,439,4,08-01-2017,11-01-2017,10-01-2017,2,6,deliverd
645,1199,4,08-01-2017,11-01-2017,10-01-2017,2,6,deliverd
646,975,4,09-01-2017,12-01-2017,11-01-2017,1,2,deliverd
647,283,4,09-01-2017,10-01-2017,11-01-2017,2,7,deliverd
648,684,4,09-01-2017,11-01-2017,11-01-2017,2,6,deliverd
649,1153,4,10-01-2017,11-01-2017,13-01-2017,1,3,deliverd
650,729,4,11-01-2017,14-01-2017,12-01-2017,1,2,deliverd
651,190,4,11-01-2017,13-01-2017,13-01-2017,2,7,deliverd
652,985,4,12-01-2017,15-01-2017,13-01-2017,3,9,deliverd
653,1249,4,14-01-2017,17-01-2017,15-01-2017,1,2,deliverd
654,1129,4,14-01-2017,15-01-2017,17-01-2017,2,7,deliverd
655,347,4,16-01-2017,17-01-2017,18-01-2017,1,3,deliverd
656,949,4,16-01-2017,17-01-2017,18-01-2017,2,7,deliverd
657,349,4,17-01-2017,19-01-2017,20-01-2017,1,2,deliverd
658,1051,4,17-01-2017,18-01-2017,18-01-2017,2,7,deliverd
659,1391,4,17-01-2017,19-01-2017,18-01-2017,2,7,deliverd
660,383,4,18-01-2017,19-01-2017,19-01-2017,2,7,deliverd
661,626,4,18-01-2017,19-01-2017,20-01-2017,2,6,deliverd
662,1125,4,19-01-2017,20-01-2017,20-01-2017,1,3,deliverd
663,344,4,20-01-2017,22-01-2017,23-01-2017,1,3,deliverd
664,681,4,20-01-2017,23-01-2017,22-01-2017,2,7,deliverd
665,29,4,21-01-2017,22-01-2017,23-01-2017,2,6,deliverd
666,770,4,21-01-2017,22-01-2017,24-01-2017,2,7,deliverd
667,858,4,22-01-2017,24-01-2017,25-01-2017,2,7,deliverd
668,297,4,22-01-2017,23-01-2017,24-01-2017,3,8,deliverd
669,745,4,23-01-2017,24-01-2017,26-01-2017,2,7,deliverd
670,361,4,24-01-2017,25-01-2017,25-01-2017,2,6,deliverd
671,922,4,25-01-2017,28-01-2017,26-01-2017,2,7,deliverd
672,908,4,26-01-2017,29-01-2017,29-01-2017,2,6,deliverd
673,64,4,26-01-2017,28-01-2017,27-01-2017,3,9,deliverd
674,733,4,27-01-2017,28-01-2017,29-01-2017,2,6,deliverd
675,291,4,28-01-2017,31-01-2017,30-01-2017,2,7,deliverd
676,790,4,28-01-2017,30-01-2017,31-01-2017,2,7,deliverd
677,809,4,28-01-2017,31-01-2017,30-01-2017,2,7,deliverd
678,250,4,28-01-2017,29-01-2017,31-01-2017,3,9,deliverd
679,81,4,29-01-2017,30-01-2017,30-01-2017,1,3,deliverd
680,245,4,29-01-2017,01-02-2017,30-01-2017,1,3,deliverd
681,499,4,29-01-2017,01-02-2017,31-01-2017,2,7,deliverd
682,614,4,29-01-2017,30-01-2017,30-01-2017,2,6,deliverd
683,741,4,29-01-2017,31-01-2017,01-02-2017,2,6,deliverd
684,762,4,31-01-2017,01-02-2017,02-02-2017,2,6,deliverd
685,976,4,31-01-2017,03-02-2017,02-02-2017,2,7,deliverd
686,380,4,01-02-2017,03-02-2017,04-02-2017,2,7,deliverd
687,530,4,02-02-2017,05-02-2017,04-02-2017,1,3,deliverd
688,343,4,02-02-2017,03-02-2017,05-02-2017,2,7,deliverd
689,884,4,02-02-2017,03-02-2017,05-02-2017,2,7,deliverd
690,1097,4,03-02-2017,04-02-2017,06-02-2017,1,2,deliverd
691,1081,4,04-02-2017,06-02-2017,06-02-2017,2,7,deliverd
692,2,3,05-02-2017,05-02-2017,NULL,1,3,shipped
693,1233,4,05-02-2017,07-02-2017,06-02-2017,1,3,deliverd
694,58,4,05-02-2017,06-02-2017,08-02-2017,2,7,deliverd
695,606,4,05-02-2017,08-02-2017,07-02-2017,2,7,deliverd
696,1242,4,05-02-2017,08-02-2017,08-02-2017,2,7,deliverd
697,562,4,06-02-2017,08-02-2017,09-02-2017,1,2,deliverd
698,543,4,06-02-2017,08-02-2017,09-02-2017,3,8,deliverd
699,958,4,06-02-2017,08-02-2017,09-02-2017,3,9,deliverd
700,4,4,07-02-2017,10-02-2017,08-02-2017,2,6,deliverd
701,850,4,07-02-2017,08-02-2017,09-02-2017,3,9,deliverd
702,1352,4,08-02-2017,09-02-2017,11-02-2017,1,3,deliverd
703,417,4,08-02-2017,09-02-2017,09-02-2017,2,7,deliverd
704,1137,4,08-02-2017,09-02-2017,11-02-2017,2,6,deliverd
705,1196,4,08-02-2017,11-02-2017,11-02-2017,2,7,deliverd
706,1271,4,09-02-2017,12-02-2017,10-02-2017,1,2,deliverd
707,79,4,09-02-2017,11-02-2017,11-02-2017,2,7,deliverd
708,660,4,10-02-2017,12-02-2017,11-02-2017,1,2,deliverd
709,1162,4,11-02-2017,13-02-2017,12-02-2017,2,6,deliverd
710,295,4,13-02-2017,15-02-2017,16-02-2017,2,6,deliverd
711,1246,4,13-02-2017,16-02-2017,14-02-2017,2,6,deliverd
712,173,4,13-02-2017,14-02-2017,16-02-2017,3,9,deliverd
713,207,4,13-02-2017,14-02-2017,15-02-2017,3,8,deliverd
714,805,4,14-02-2017,17-02-2017,15-02-2017,2,7,deliverd
715,12,3,15-02-2017,15-02-2017,NULL,2,6,shipped
716,672,4,15-02-2017,17-02-2017,18-02-2017,2,6,deliverd
717,1312,4,15-02-2017,18-02-2017,17-02-2017,2,6,deliverd
718,38,4,16-02-2017,17-02-2017,17-02-2017,2,7,deliverd
719,200,4,16-02-2017,19-02-2017,18-02-2017,2,6,deliverd
720,382,4,16-02-2017,19-02-2017,19-02-2017,2,6,deliverd
721,625,4,16-02-2017,19-02-2017,17-02-2017,2,7,deliverd
722,1399,4,18-02-2017,20-02-2017,21-02-2017,2,7,deliverd
723,845,4,19-02-2017,21-02-2017,22-02-2017,2,6,deliverd
724,864,4,19-02-2017,22-02-2017,21-02-2017,2,6,deliverd
725,870,4,19-02-2017,22-02-2017,22-02-2017,2,7,deliverd
726,969,4,19-02-2017,22-02-2017,20-02-2017,2,6,deliverd
727,962,4,19-02-2017,22-02-2017,21-02-2017,3,9,deliverd
728,1138,4,20-02-2017,21-02-2017,23-02-2017,1,3,deliverd
729,897,4,20-02-2017,22-02-2017,21-02-2017,2,7,deliverd
730,500,4,21-02-2017,24-02-2017,22-02-2017,2,6,deliverd
731,910,4,25-02-2017,27-02-2017,27-02-2017,3,9,deliverd
732,147,4,26-02-2017,27-02-2017,01-03-2017,2,7,deliverd
733,832,4,26-02-2017,01-03-2017,27-02-2017,2,7,deliverd
734,939,4,26-02-2017,28-02-2017,01-03-2017,3,9,deliverd
735,20,3,27-02-2017,27-02-2017,NULL,3,9,shipped
736,184,4,27-02-2017,28-02-2017,28-02-2017,2,7,deliverd
737,694,4,27-02-2017,01-03-2017,28-02-2017,2,6,deliverd
738,124,4,28-02-2017,01-03-2017,03-03-2017,1,2,deliverd
739,49,4,28-02-2017,01-03-2017,02-03-2017,2,6,deliverd
740,1113,4,28-02-2017,01-03-2017,02-03-2017,2,6,deliverd
741,119,4,28-02-2017,01-03-2017,01-03-2017,3,8,deliverd
742,433,4,28-02-2017,01-03-2017,01-03-2017,3,9,deliverd
743,137,4,01-03-2017,04-03-2017,04-03-2017,2,6,deliverd
744,166,4,01-03-2017,02-03-2017,02-03-2017,2,7,deliverd
745,698,4,01-03-2017,03-03-2017,03-03-2017,2,7,deliverd
746,391,4,02-03-2017,04-03-2017,05-03-2017,1,3,deliverd
747,87,4,03-03-2017,04-03-2017,05-03-2017,1,3,deliverd
748,1072,4,03-03-2017,05-03-2017,04-03-2017,3,8,deliverd
749,255,4,04-03-2017,07-03-2017,05-03-2017,2,7,deliverd
750,232,4,04-03-2017,07-03-2017,05-03-2017,3,8,deliverd
751,731,4,05-03-2017,08-03-2017,07-03-2017,1,3,deliverd
752,335,4,05-03-2017,06-03-2017,07-03-2017,2,6,deliverd
753,1201,4,05-03-2017,08-03-2017,08-03-2017,2,7,deliverd
754,646,4,06-03-2017,07-03-2017,08-03-2017,1,2,deliverd
755,531,4,06-03-2017,07-03-2017,07-03-2017,2,6,deliverd
756,1143,4,06-03-2017,07-03-2017,09-03-2017,2,6,deliverd
757,1336,4,06-03-2017,08-03-2017,09-03-2017,2,7,deliverd
758,953,4,06-03-2017,08-03-2017,07-03-2017,3,9,deliverd
759,284,4,07-03-2017,09-03-2017,08-03-2017,2,7,deliverd
760,1104,4,07-03-2017,10-03-2017,10-03-2017,2,6,deliverd
761,1291,4,07-03-2017,08-03-2017,10-03-2017,2,7,deliverd
762,572,4,08-03-2017,09-03-2017,09-03-2017,2,6,deliverd
763,842,4,08-03-2017,10-03-2017,09-03-2017,3,9,deliverd
764,701,4,09-03-2017,10-03-2017,12-03-2017,1,2,deliverd
765,1152,4,09-03-2017,11-03-2017,12-03-2017,1,2,deliverd
766,141,4,09-03-2017,11-03-2017,12-03-2017,2,6,deliverd
767,564,4,09-03-2017,10-03-2017,11-03-2017,2,7,deliverd
768,841,4,09-03-2017,12-03-2017,10-03-2017,2,7,deliverd
769,946,4,09-03-2017,11-03-2017,11-03-2017,2,6,deliverd
770,135,4,09-03-2017,11-03-2017,11-03-2017,3,9,deliverd
771,671,4,11-03-2017,14-03-2017,12-03-2017,1,3,deliverd
772,448,4,11-03-2017,12-03-2017,13-03-2017,2,7,deliverd
773,1385,4,11-03-2017,12-03-2017,12-03-2017,2,6,deliverd
774,690,4,12-03-2017,14-03-2017,14-03-2017,2,6,deliverd
775,968,4,12-03-2017,13-03-2017,13-03-2017,2,6,deliverd
776,490,4,13-03-2017,15-03-2017,16-03-2017,2,6,deliverd
777,496,4,13-03-2017,16-03-2017,16-03-2017,2,6,deliverd
778,56,3,15-03-2017,15-03-2017,NULL,3,9,shipped
779,367,4,15-03-2017,16-03-2017,18-03-2017,2,6,deliverd
780,592,4,15-03-2017,17-03-2017,17-03-2017,2,6,deliverd
781,1018,4,15-03-2017,16-03-2017,17-03-2017,2,6,deliverd
782,1298,4,15-03-2017,16-03-2017,18-03-2017,2,7,deliverd
783,1343,4,16-03-2017,19-03-2017,17-03-2017,1,2,deliverd
784,430,4,16-03-2017,19-03-2017,19-03-2017,2,7,deliverd
785,794,4,18-03-2017,19-03-2017,20-03-2017,1,2,deliverd
786,249,4,18-03-2017,20-03-2017,19-03-2017,2,6,deliverd
787,700,4,18-03-2017,20-03-2017,19-03-2017,3,9,deliverd
788,1363,4,18-03-2017,20-03-2017,20-03-2017,3,9,deliverd
789,772,4,19-03-2017,20-03-2017,20-03-2017,2,6,deliverd
790,1015,4,19-03-2017,21-03-2017,22-03-2017,2,7,deliverd
791,432,4,20-03-2017,22-03-2017,23-03-2017,2,6,deliverd
792,479,4,22-03-2017,23-03-2017,24-03-2017,2,6,deliverd
793,653,4,23-03-2017,24-03-2017,24-03-2017,2,6,deliverd
794,863,4,23-03-2017,25-03-2017,24-03-2017,2,7,deliverd
795,992,4,23-03-2017,25-03-2017,26-03-2017,2,7,deliverd
796,154,4,23-03-2017,26-03-2017,25-03-2017,3,9,deliverd
797,374,4,24-03-2017,26-03-2017,26-03-2017,2,7,deliverd
798,619,4,26-03-2017,28-03-2017,29-03-2017,1,3,deliverd
799,607,4,27-03-2017,28-03-2017,29-03-2017,1,3,deliverd
800,1057,4,27-03-2017,29-03-2017,28-03-2017,2,6,deliverd
801,78,4,28-03-2017,29-03-2017,30-03-2017,1,2,deliverd
802,340,4,28-03-2017,29-03-2017,30-03-2017,2,6,deliverd
803,1105,4,28-03-2017,31-03-2017,30-03-2017,3,8,deliverd
804,95,4,29-03-2017,31-03-2017,30-03-2017,2,6,deliverd
805,420,4,29-03-2017,30-03-2017,01-04-2017,2,6,deliverd
806,234,4,30-03-2017,31-03-2017,31-03-2017,2,7,deliverd
807,1148,4,30-03-2017,01-04-2017,02-04-2017,2,6,deliverd
808,315,4,31-03-2017,02-04-2017,02-04-2017,2,6,deliverd
809,1222,4,31-03-2017,03-04-2017,03-04-2017,2,7,deliverd
810,153,3,01-04-2017,01-04-2017,NULL,3,8,shipped
811,524,4,01-04-2017,04-04-2017,04-04-2017,2,7,deliverd
812,1164,4,01-04-2017,02-04-2017,03-04-2017,2,7,deliverd
813,1203,4,01-04-2017,03-04-2017,02-04-2017,3,9,deliverd
814,629,4,02-04-2017,05-04-2017,03-04-2017,2,7,deliverd
815,1251,4,03-04-2017,05-04-2017,04-04-2017,1,3,deliverd
816,811,4,03-04-2017,05-04-2017,05-04-2017,2,6,deliverd
817,301,4,04-04-2017,05-04-2017,07-04-2017,2,7,deliverd
818,1319,4,04-04-2017,07-04-2017,07-04-2017,2,6,deliverd
819,221,4,04-04-2017,07-04-2017,05-04-2017,3,9,deliverd
820,725,4,05-04-2017,08-04-2017,07-04-2017,2,7,deliverd
821,1181,4,05-04-2017,07-04-2017,08-04-2017,2,7,deliverd
822,294,4,06-04-2017,08-04-2017,09-04-2017,2,7,deliverd
823,415,4,06-04-2017,07-04-2017,08-04-2017,3,8,deliverd
824,993,4,07-04-2017,09-04-2017,10-04-2017,1,2,deliverd
825,10,4,07-04-2017,08-04-2017,09-04-2017,2,7,deliverd
826,45,4,07-04-2017,10-04-2017,10-04-2017,2,6,deliverd
827,666,4,07-04-2017,10-04-2017,10-04-2017,2,7,deliverd
828,246,4,09-04-2017,10-04-2017,12-04-2017,2,6,deliverd
829,674,4,09-04-2017,10-04-2017,10-04-2017,2,7,deliverd
830,431,4,11-04-2017,14-04-2017,12-04-2017,2,6,deliverd
831,1000,4,11-04-2017,12-04-2017,12-04-2017,2,7,deliverd
832,1215,4,11-04-2017,12-04-2017,12-04-2017,2,7,deliverd
833,406,4,12-04-2017,14-04-2017,15-04-2017,2,7,deliverd
834,890,4,12-04-2017,13-04-2017,15-04-2017,2,6,deliverd
835,940,4,13-04-2017,15-04-2017,14-04-2017,1,2,deliverd
836,455,4,13-04-2017,16-04-2017,14-04-2017,2,6,deliverd
837,948,4,13-04-2017,16-04-2017,14-04-2017,2,7,deliverd
838,1395,4,14-04-2017,17-04-2017,15-04-2017,2,7,deliverd
839,1332,4,15-04-2017,18-04-2017,16-04-2017,1,3,deliverd
840,372,4,15-04-2017,16-04-2017,16-04-2017,2,6,deliverd
841,428,4,15-04-2017,18-04-2017,17-04-2017,2,7,deliverd
842,1133,4,15-04-2017,18-04-2017,16-04-2017,2,6,deliverd
843,1059,4,16-04-2017,17-04-2017,19-04-2017,2,7,deliverd
844,1436,4,16-04-2017,17-04-2017,18-04-2017,2,6,deliverd
845,662,4,17-04-2017,18-04-2017,18-04-2017,2,7,deliverd
846,715,4,17-04-2017,19-04-2017,19-04-2017,2,6,deliverd
847,329,4,18-04-2017,19-04-2017,19-04-2017,2,7,deliverd
848,597,4,18-04-2017,20-04-2017,20-04-2017,2,7,deliverd
849,776,4,19-04-2017,20-04-2017,21-04-2017,1,2,deliverd
850,1346,4,19-04-2017,22-04-2017,22-04-2017,1,3,deliverd
851,1139,4,20-04-2017,21-04-2017,22-04-2017,2,6,deliverd
852,13,4,21-04-2017,23-04-2017,22-04-2017,3,9,deliverd
853,883,4,21-04-2017,24-04-2017,24-04-2017,3,8,deliverd
854,177,4,22-04-2017,25-04-2017,23-04-2017,2,6,deliverd
855,775,4,22-04-2017,23-04-2017,25-04-2017,2,6,deliverd
856,477,4,23-04-2017,25-04-2017,26-04-2017,2,6,deliverd
857,1402,4,24-04-2017,25-04-2017,26-04-2017,2,7,deliverd
858,162,4,25-04-2017,27-04-2017,28-04-2017,2,6,deliverd
859,644,4,25-04-2017,26-04-2017,26-04-2017,2,6,deliverd
860,473,4,27-04-2017,29-04-2017,28-04-2017,2,7,deliverd
861,1177,4,27-04-2017,29-04-2017,30-04-2017,2,7,deliverd
862,1230,4,27-04-2017,30-04-2017,29-04-2017,3,8,deliverd
863,446,4,28-04-2017,30-04-2017,01-05-2017,2,7,deliverd
864,902,4,28-04-2017,30-04-2017,29-04-2017,2,6,deliverd
865,974,4,29-04-2017,02-05-2017,01-05-2017,2,6,deliverd
866,1410,4,29-04-2017,30-04-2017,01-05-2017,2,6,deliverd
867,97,4,01-05-2017,03-05-2017,02-05-2017,1,3,deliverd
868,868,4,01-05-2017,04-05-2017,02-05-2017,1,3,deliverd
869,844,4,01-05-2017,04-05-2017,02-05-2017,2,7,deliverd
870,1416,4,01-05-2017,04-05-2017,02-05-2017,2,6,deliverd
871,358,4,02-05-2017,04-05-2017,03-05-2017,2,7,deliverd
872,394,4,03-05-2017,06-05-2017,06-05-2017,1,3,deliverd
873,829,4,03-05-2017,05-05-2017,05-05-2017,2,7,deliverd
874,661,4,04-05-2017,05-05-2017,06-05-2017,2,7,deliverd
875,386,4,05-05-2017,06-05-2017,08-05-2017,1,3,deliverd
876,1046,4,05-05-2017,08-05-2017,06-05-2017,2,7,deliverd
877,784,4,06-05-2017,07-05-2017,08-05-2017,2,6,deliverd
878,224,4,07-05-2017,10-05-2017,09-05-2017,1,3,deliverd
879,214,4,08-05-2017,09-05-2017,09-05-2017,2,7,deliverd
880,1206,4,08-05-2017,11-05-2017,10-05-2017,2,6,deliverd
881,1024,4,08-05-2017,11-05-2017,11-05-2017,3,9,deliverd
882,196,4,09-05-2017,12-05-2017,10-05-2017,2,6,deliverd
883,507,4,11-05-2017,13-05-2017,14-05-2017,2,6,deliverd
884,871,4,11-05-2017,13-05-2017,12-05-2017,2,7,deliverd
885,66,3,13-05-2017,13-05-2017,NULL,3,8,shipped
886,1396,4,13-05-2017,14-05-2017,15-05-2017,1,2,deliverd
887,1195,4,13-05-2017,15-05-2017,15-05-2017,2,6,deliverd
888,1038,4,14-05-2017,16-05-2017,16-05-2017,2,7,deliverd
889,830,4,14-05-2017,17-05-2017,15-05-2017,3,8,deliverd
890,171,4,15-05-2017,18-05-2017,18-05-2017,2,6,deliverd
891,384,4,15-05-2017,18-05-2017,16-05-2017,2,6,deliverd
892,651,4,15-05-2017,18-05-2017,17-05-2017,2,7,deliverd
893,1293,4,16-05-2017,19-05-2017,19-05-2017,2,7,deliverd
894,1320,4,16-05-2017,19-05-2017,19-05-2017,2,6,deliverd
895,857,4,18-05-2017,21-05-2017,19-05-2017,2,6,deliverd
896,376,4,19-05-2017,22-05-2017,21-05-2017,3,9,deliverd
897,47,4,20-05-2017,21-05-2017,21-05-2017,1,2,deliverd
898,352,4,20-05-2017,21-05-2017,22-05-2017,2,6,deliverd
899,605,4,20-05-2017,21-05-2017,21-05-2017,2,7,deliverd
900,971,4,20-05-2017,21-05-2017,22-05-2017,2,6,deliverd
901,345,4,21-05-2017,22-05-2017,24-05-2017,2,7,deliverd
902,1278,4,21-05-2017,24-05-2017,22-05-2017,2,6,deliverd
903,179,4,22-05-2017,23-05-2017,24-05-2017,2,7,deliverd
904,1020,4,23-05-2017,26-05-2017,24-05-2017,1,2,deliverd
905,609,4,23-05-2017,26-05-2017,24-05-2017,2,6,deliverd
906,877,4,23-05-2017,26-05-2017,26-05-2017,2,7,deliverd
907,120,4,24-05-2017,26-05-2017,27-05-2017,1,2,deliverd
908,402,4,25-05-2017,28-05-2017,27-05-2017,2,7,deliverd
909,188,4,26-05-2017,27-05-2017,28-05-2017,1,2,deliverd
910,342,4,26-05-2017,28-05-2017,28-05-2017,2,7,deliverd
911,887,4,26-05-2017,29-05-2017,29-05-2017,2,6,deliverd
912,519,4,27-05-2017,29-05-2017,29-05-2017,1,2,deliverd
913,699,4,27-05-2017,29-05-2017,29-05-2017,2,6,deliverd
914,1068,4,28-05-2017,31-05-2017,31-05-2017,1,2,deliverd
915,215,4,28-05-2017,30-05-2017,30-05-2017,2,6,deliverd
916,718,4,28-05-2017,29-05-2017,29-05-2017,2,6,deliverd
917,881,4,29-05-2017,31-05-2017,01-06-2017,1,2,deliverd
918,242,4,30-05-2017,31-05-2017,31-05-2017,1,3,deliverd
919,781,4,30-05-2017,31-05-2017,31-05-2017,2,7,deliverd
920,966,4,30-05-2017,01-06-2017,02-06-2017,2,7,deliverd
921,628,4,31-05-2017,02-06-2017,02-06-2017,2,6,deliverd
922,656,4,31-05-2017,01-06-2017,03-06-2017,2,6,deliverd
923,769,4,31-05-2017,03-06-2017,02-06-2017,2,7,deliverd
924,68,3,02-06-2017,02-06-2017,NULL,3,8,shipped
925,1316,4,02-06-2017,05-06-2017,03-06-2017,2,7,deliverd
926,233,4,03-06-2017,05-06-2017,06-06-2017,1,2,deliverd
927,1438,4,03-06-2017,05-06-2017,06-06-2017,1,2,deliverd
928,957,4,05-06-2017,06-06-2017,06-06-2017,1,3,deliverd
929,472,4,05-06-2017,06-06-2017,08-06-2017,2,6,deliverd
930,1224,4,05-06-2017,06-06-2017,06-06-2017,3,9,deliverd
931,631,4,07-06-2017,08-06-2017,08-06-2017,2,6,deliverd
932,804,4,07-06-2017,08-06-2017,09-06-2017,2,6,deliverd
933,909,4,07-06-2017,10-06-2017,08-06-2017,2,6,deliverd
934,93,4,09-06-2017,10-06-2017,12-06-2017,2,7,deliverd
935,43,3,10-06-2017,10-06-2017,NULL,3,8,shipped
936,265,4,10-06-2017,13-06-2017,12-06-2017,2,6,deliverd
937,73,4,11-06-2017,14-06-2017,13-06-2017,2,7,deliverd
938,129,4,11-06-2017,12-06-2017,12-06-2017,2,6,deliverd
939,1407,4,11-06-2017,12-06-2017,14-06-2017,2,6,deliverd
940,585,4,12-06-2017,14-06-2017,13-06-2017,1,2,deliverd
941,736,4,12-06-2017,14-06-2017,14-06-2017,1,2,deliverd
942,537,4,13-06-2017,16-06-2017,15-06-2017,2,6,deliverd
943,1025,4,13-06-2017,15-06-2017,15-06-2017,2,6,deliverd
944,138,4,14-06-2017,15-06-2017,17-06-2017,1,3,deliverd
945,167,4,14-06-2017,15-06-2017,16-06-2017,2,7,deliverd
946,525,4,14-06-2017,16-06-2017,15-06-2017,2,6,deliverd
947,278,4,15-06-2017,18-06-2017,17-06-2017,1,3,deliverd
948,618,4,15-06-2017,17-06-2017,17-06-2017,2,6,deliverd
949,867,4,16-06-2017,18-06-2017,17-06-2017,1,3,deliverd
950,142,4,16-06-2017,19-06-2017,18-06-2017,2,6,deliverd
951,339,4,16-06-2017,19-06-2017,19-06-2017,2,7,deliverd
952,355,4,16-06-2017,18-06-2017,18-06-2017,2,7,deliverd
953,658,4,16-06-2017,18-06-2017,17-06-2017,2,7,deliverd
954,611,4,17-06-2017,20-06-2017,20-06-2017,2,6,deliverd
955,880,4,17-06-2017,19-06-2017,18-06-2017,2,6,deliverd
956,1184,4,17-06-2017,19-06-2017,20-06-2017,2,6,deliverd
957,722,4,17-06-2017,20-06-2017,20-06-2017,3,9,deliverd
958,1276,4,18-06-2017,20-06-2017,19-06-2017,1,2,deliverd
959,650,4,18-06-2017,21-06-2017,21-06-2017,2,7,deliverd
960,1390,4,18-06-2017,19-06-2017,19-06-2017,2,7,deliverd
961,82,4,19-06-2017,21-06-2017,22-06-2017,1,2,deliverd
962,570,4,19-06-2017,22-06-2017,20-06-2017,2,7,deliverd
963,1432,4,19-06-2017,21-06-2017,21-06-2017,2,6,deliverd
964,404,4,20-06-2017,22-06-2017,22-06-2017,2,7,deliverd
965,457,4,20-06-2017,22-06-2017,23-06-2017,2,6,deliverd
966,389,4,20-06-2017,22-06-2017,22-06-2017,3,8,deliverd
967,1323,4,21-06-2017,24-06-2017,24-06-2017,2,6,deliverd
968,1403,4,21-06-2017,23-06-2017,23-06-2017,2,6,deliverd
969,248,4,21-06-2017,24-06-2017,22-06-2017,3,9,deliverd
970,836,4,22-06-2017,25-06-2017,23-06-2017,2,7,deliverd
971,1426,4,22-06-2017,23-06-2017,24-06-2017,3,8,deliverd
972,270,4,23-06-2017,24-06-2017,25-06-2017,2,7,deliverd
973,238,4,24-06-2017,27-06-2017,27-06-2017,2,6,deliverd
974,511,4,24-06-2017,27-06-2017,27-06-2017,3,8,deliverd
975,1092,4,25-06-2017,27-06-2017,28-06-2017,2,6,deliverd
976,1266,4,25-06-2017,28-06-2017,27-06-2017,3,9,deliverd
977,400,4,26-06-2017,28-06-2017,27-06-2017,2,7,deliverd
978,1123,4,26-06-2017,28-06-2017,27-06-2017,2,6,deliverd
979,1190,4,26-06-2017,29-06-2017,27-06-2017,2,6,deliverd
980,328,4,26-06-2017,28-06-2017,27-06-2017,3,9,deliverd
981,687,4,26-06-2017,29-06-2017,28-06-2017,3,8,deliverd
982,1423,4,26-06-2017,29-06-2017,28-06-2017,3,9,deliverd
983,1158,4,27-06-2017,28-06-2017,29-06-2017,2,6,deliverd
984,1287,4,27-06-2017,28-06-2017,29-06-2017,2,7,deliverd
985,461,4,30-06-2017,02-07-2017,01-07-2017,2,6,deliverd
986,556,4,30-06-2017,03-07-2017,01-07-2017,2,7,deliverd
987,172,4,02-07-2017,04-07-2017,04-07-2017,1,2,deliverd
988,436,4,02-07-2017,04-07-2017,05-07-2017,2,6,deliverd
989,1145,4,02-07-2017,04-07-2017,03-07-2017,2,6,deliverd
990,706,4,04-07-2017,07-07-2017,07-07-2017,2,7,deliverd
991,751,4,06-07-2017,07-07-2017,09-07-2017,1,2,deliverd
992,723,4,07-07-2017,10-07-2017,09-07-2017,2,7,deliverd
993,1415,4,09-07-2017,11-07-2017,11-07-2017,1,3,deliverd
994,419,4,09-07-2017,11-07-2017,11-07-2017,2,7,deliverd
995,621,4,11-07-2017,13-07-2017,14-07-2017,1,2,deliverd
996,915,4,11-07-2017,12-07-2017,12-07-2017,1,2,deliverd
997,485,4,11-07-2017,13-07-2017,14-07-2017,2,7,deliverd
998,219,4,12-07-2017,13-07-2017,14-07-2017,2,7,deliverd
999,590,4,12-07-2017,13-07-2017,14-07-2017,2,6,deliverd
1000,645,4,12-07-2017,14-07-2017,15-07-2017,2,7,deliverd
1001,354,4,13-07-2017,16-07-2017,15-07-2017,2,6,deliverd
1002,1418,4,14-07-2017,16-07-2017,16-07-2017,1,3,deliverd
1003,503,4,14-07-2017,16-07-2017,16-07-2017,2,7,deliverd
1004,1389,4,14-07-2017,17-07-2017,16-07-2017,2,6,deliverd
1005,266,4,15-07-2017,17-07-2017,16-07-2017,2,7,deliverd
1006,1070,4,15-07-2017,18-07-2017,17-07-2017,2,7,deliverd
1007,1115,4,16-07-2017,17-07-2017,17-07-2017,2,6,deliverd
1008,1345,4,16-07-2017,18-07-2017,18-07-2017,2,6,deliverd
1009,1064,4,16-07-2017,19-07-2017,19-07-2017,3,8,deliverd
1010,8,3,18-07-2017,18-07-2017,NULL,2,7,shipped
1011,495,4,18-07-2017,21-07-2017,21-07-2017,1,3,deliverd
1012,620,4,18-07-2017,20-07-2017,20-07-2017,2,7,deliverd
1013,174,4,19-07-2017,22-07-2017,21-07-2017,2,6,deliverd
1014,748,4,19-07-2017,21-07-2017,21-07-2017,2,6,deliverd
1015,799,4,19-07-2017,22-07-2017,21-07-2017,2,7,deliverd
1016,1417,4,19-07-2017,20-07-2017,21-07-2017,3,9,deliverd
1017,168,4,20-07-2017,21-07-2017,23-07-2017,2,6,deliverd
1018,290,4,22-07-2017,23-07-2017,23-07-2017,2,6,deliverd
1019,408,4,22-07-2017,23-07-2017,24-07-2017,2,7,deliverd
1020,16,3,23-07-2017,23-07-2017,NULL,2,6,shipped
1021,125,4,23-07-2017,24-07-2017,26-07-2017,2,6,deliverd
1022,353,4,23-07-2017,26-07-2017,24-07-2017,2,7,deliverd
1023,356,4,23-07-2017,26-07-2017,25-07-2017,2,6,deliverd
1024,837,4,23-07-2017,25-07-2017,26-07-2017,2,7,deliverd
1025,1304,4,23-07-2017,26-07-2017,26-07-2017,2,6,deliverd
1026,1370,4,26-07-2017,28-07-2017,29-07-2017,1,2,deliverd
1027,588,4,26-07-2017,28-07-2017,28-07-2017,2,6,deliverd
1028,1273,4,27-07-2017,28-07-2017,30-07-2017,2,7,deliverd
1029,407,4,29-07-2017,30-07-2017,01-08-2017,1,3,deliverd
1030,161,4,29-07-2017,30-07-2017,31-07-2017,2,6,deliverd
1031,1308,4,30-07-2017,01-08-2017,02-08-2017,1,2,deliverd
1032,429,4,30-07-2017,02-08-2017,01-08-2017,2,6,deliverd
1033,582,4,30-07-2017,31-07-2017,02-08-2017,2,7,deliverd
1034,895,4,30-07-2017,31-07-2017,31-07-2017,2,7,deliverd
1035,1283,4,30-07-2017,02-08-2017,02-08-2017,2,6,deliverd
1036,1442,4,30-07-2017,01-08-2017,31-07-2017,2,6,deliverd
1037,1229,4,31-07-2017,02-08-2017,03-08-2017,2,6,deliverd
1038,1281,4,31-07-2017,01-08-2017,03-08-2017,2,7,deliverd
1039,1077,4,02-08-2017,04-08-2017,03-08-2017,2,7,deliverd
1040,1225,4,04-08-2017,07-08-2017,05-08-2017,1,2,deliverd
1041,70,4,04-08-2017,06-08-2017,05-08-2017,2,7,deliverd
1042,539,4,06-08-2017,07-08-2017,07-08-2017,2,7,deliverd
1043,1235,4,06-08-2017,09-08-2017,08-08-2017,2,6,deliverd
1044,1270,4,07-08-2017,10-08-2017,08-08-2017,2,7,deliverd
1045,185,4,07-08-2017,09-08-2017,10-08-2017,3,9,deliverd
1046,1134,4,07-08-2017,09-08-2017,08-08-2017,3,8,deliverd
1047,116,3,08-08-2017,08-08-2017,NULL,3,8,shipped
1048,777,4,08-08-2017,10-08-2017,09-08-2017,2,7,deliverd
1049,194,4,09-08-2017,11-08-2017,10-08-2017,1,2,deliverd
1050,239,4,09-08-2017,12-08-2017,12-08-2017,1,3,deliverd
1051,209,4,10-08-2017,11-08-2017,11-08-2017,2,7,deliverd
1052,460,4,10-08-2017,12-08-2017,13-08-2017,2,6,deliverd
1053,1439,4,10-08-2017,11-08-2017,12-08-2017,2,6,deliverd
1054,189,4,11-08-2017,12-08-2017,12-08-2017,2,7,deliverd
1055,140,4,12-08-2017,15-08-2017,15-08-2017,2,6,deliverd
1056,325,4,12-08-2017,15-08-2017,13-08-2017,2,7,deliverd
1057,456,4,12-08-2017,15-08-2017,13-08-2017,2,7,deliverd
1058,782,4,13-08-2017,16-08-2017,14-08-2017,2,6,deliverd
1059,6,4,14-08-2017,17-08-2017,17-08-2017,2,7,deliverd
1060,182,4,15-08-2017,18-08-2017,17-08-2017,2,6,deliverd
1061,655,4,15-08-2017,18-08-2017,18-08-2017,2,7,deliverd
1062,1210,4,15-08-2017,17-08-2017,18-08-2017,2,6,deliverd
1063,198,4,16-08-2017,19-08-2017,19-08-2017,3,8,deliverd
1064,898,4,16-08-2017,18-08-2017,19-08-2017,3,9,deliverd
1065,25,4,17-08-2017,19-08-2017,19-08-2017,2,7,deliverd
1066,106,4,17-08-2017,20-08-2017,19-08-2017,2,7,deliverd
1067,225,4,17-08-2017,19-08-2017,19-08-2017,2,7,deliverd
1068,453,4,17-08-2017,20-08-2017,19-08-2017,2,7,deliverd
1069,493,4,17-08-2017,19-08-2017,18-08-2017,2,6,deliverd
1070,596,4,17-08-2017,20-08-2017,18-08-2017,2,7,deliverd
1071,602,4,17-08-2017,20-08-2017,18-08-2017,3,8,deliverd
1072,47,3,18-08-2017,18-08-2017,NULL,1,3,shipped
1073,911,4,18-08-2017,19-08-2017,21-08-2017,2,7,deliverd
1074,11,3,19-08-2017,19-08-2017,NULL,2,6,shipped
1075,1003,4,19-08-2017,21-08-2017,22-08-2017,1,3,deliverd
1076,42,4,19-08-2017,22-08-2017,22-08-2017,2,6,deliverd
1077,412,4,19-08-2017,20-08-2017,21-08-2017,2,6,deliverd
1078,793,4,19-08-2017,21-08-2017,20-08-2017,2,6,deliverd
1079,812,4,19-08-2017,20-08-2017,20-08-2017,2,7,deliverd
1080,1086,4,19-08-2017,20-08-2017,20-08-2017,2,7,deliverd
1081,1106,4,19-08-2017,22-08-2017,22-08-2017,2,6,deliverd
1082,1327,4,20-08-2017,22-08-2017,21-08-2017,2,6,deliverd
1083,1372,4,20-08-2017,23-08-2017,23-08-2017,2,6,deliverd
1084,2,4,21-08-2017,24-08-2017,23-08-2017,1,2,deliverd
1085,305,4,21-08-2017,23-08-2017,23-08-2017,1,3,deliverd
1086,220,4,21-08-2017,23-08-2017,24-08-2017,2,7,deliverd
1087,675,4,22-08-2017,23-08-2017,25-08-2017,3,8,deliverd
1088,1160,4,22-08-2017,23-08-2017,23-08-2017,3,8,deliverd
1089,46,3,23-08-2017,23-08-2017,NULL,1,2,shipped
1090,1427,4,24-08-2017,26-08-2017,26-08-2017,1,2,deliverd
1091,1260,4,24-08-2017,25-08-2017,25-08-2017,2,7,deliverd
1092,40,4,25-08-2017,28-08-2017,27-08-2017,1,2,deliverd
1093,326,4,25-08-2017,28-08-2017,26-08-2017,1,3,deliverd
1094,828,4,25-08-2017,27-08-2017,28-08-2017,2,6,deliverd
1095,1382,4,26-08-2017,28-08-2017,27-08-2017,3,9,deliverd
1096,589,4,27-08-2017,29-08-2017,29-08-2017,1,2,deliverd
1097,1311,4,27-08-2017,30-08-2017,28-08-2017,2,6,deliverd
1098,752,4,28-08-2017,30-08-2017,30-08-2017,1,2,deliverd
1099,1128,4,28-08-2017,29-08-2017,30-08-2017,2,6,deliverd
1100,1392,4,28-08-2017,29-08-2017,29-08-2017,2,7,deliverd
1101,379,4,29-08-2017,30-08-2017,30-08-2017,2,7,deliverd
1102,1317,4,29-08-2017,31-08-2017,31-08-2017,2,6,deliverd
1103,1394,4,31-08-2017,02-09-2017,02-09-2017,2,7,deliverd
1104,268,4,01-09-2017,04-09-2017,03-09-2017,2,6,deliverd
1105,747,4,01-09-2017,04-09-2017,03-09-2017,3,8,deliverd
1106,1009,4,02-09-2017,04-09-2017,04-09-2017,2,6,deliverd
1107,1424,4,02-09-2017,05-09-2017,05-09-2017,2,7,deliverd
1108,735,4,03-09-2017,05-09-2017,04-09-2017,1,3,deliverd
1109,23,4,03-09-2017,04-09-2017,04-09-2017,2,6,deliverd
1110,912,4,04-09-2017,07-09-2017,07-09-2017,2,6,deliverd
1111,930,4,04-09-2017,06-09-2017,05-09-2017,2,6,deliverd
1112,798,4,05-09-2017,08-09-2017,07-09-2017,2,7,deliverd
1113,388,4,06-09-2017,08-09-2017,07-09-2017,2,7,deliverd
1114,1036,4,06-09-2017,08-09-2017,08-09-2017,2,6,deliverd
1115,1100,4,07-09-2017,09-09-2017,09-09-2017,2,6,deliverd
1116,52,4,08-09-2017,10-09-2017,10-09-2017,2,7,deliverd
1117,334,4,08-09-2017,10-09-2017,10-09-2017,2,6,deliverd
1118,1023,4,08-09-2017,11-09-2017,11-09-2017,2,6,deliverd
1119,749,4,10-09-2017,12-09-2017,13-09-2017,1,2,deliverd
1120,1269,4,10-09-2017,12-09-2017,13-09-2017,2,7,deliverd
1121,143,4,11-09-2017,13-09-2017,12-09-2017,2,7,deliverd
1122,1132,4,12-09-2017,14-09-2017,14-09-2017,2,6,deliverd
1123,598,4,13-09-2017,14-09-2017,14-09-2017,2,7,deliverd
1124,275,4,13-09-2017,14-09-2017,16-09-2017,3,9,deliverd
1125,945,4,14-09-2017,15-09-2017,15-09-2017,2,7,deliverd
1126,1213,4,14-09-2017,16-09-2017,15-09-2017,3,8,deliverd
1127,494,4,15-09-2017,16-09-2017,16-09-2017,2,7,deliverd
1128,936,4,15-09-2017,17-09-2017,16-09-2017,2,6,deliverd
1129,663,4,17-09-2017,18-09-2017,20-09-2017,2,6,deliverd
1130,69,4,18-09-2017,20-09-2017,20-09-2017,1,3,deliverd
1131,1178,4,18-09-2017,20-09-2017,19-09-2017,1,3,deliverd
1132,351,4,19-09-2017,20-09-2017,20-09-2017,2,6,deliverd
1133,517,4,19-09-2017,21-09-2017,21-09-2017,2,7,deliverd
1134,978,4,19-09-2017,22-09-2017,20-09-2017,2,6,deliverd
1135,1347,4,19-09-2017,21-09-2017,20-09-2017,2,6,deliverd
1136,1050,4,20-09-2017,21-09-2017,21-09-2017,2,6,deliverd
1137,810,4,20-09-2017,23-09-2017,23-09-2017,3,8,deliverd
1138,254,4,21-09-2017,23-09-2017,22-09-2017,1,2,deliverd
1139,1006,4,21-09-2017,22-09-2017,23-09-2017,1,2,deliverd
1140,1063,4,21-09-2017,22-09-2017,22-09-2017,3,8,deliverd
1141,1076,4,22-09-2017,23-09-2017,24-09-2017,1,2,deliverd
1142,554,4,23-09-2017,26-09-2017,26-09-2017,1,3,deliverd
1143,1087,4,24-09-2017,26-09-2017,27-09-2017,1,2,deliverd
1144,1414,4,24-09-2017,27-09-2017,27-09-2017,2,7,deliverd
1145,617,4,25-09-2017,27-09-2017,26-09-2017,2,6,deliverd
1146,757,4,25-09-2017,26-09-2017,28-09-2017,2,7,deliverd
1147,1344,4,25-09-2017,26-09-2017,27-09-2017,2,6,deliverd
1148,1379,4,25-09-2017,26-09-2017,27-09-2017,2,7,deliverd
1149,787,4,27-09-2017,30-09-2017,30-09-2017,2,7,deliverd
1150,1183,4,28-09-2017,01-10-2017,30-09-2017,2,7,deliverd
1151,708,4,29-09-2017,30-09-2017,30-09-2017,1,3,deliverd
1152,1244,4,29-09-2017,02-10-2017,01-10-2017,2,6,deliverd
1153,720,4,30-09-2017,03-10-2017,03-10-2017,2,7,deliverd
1154,789,4,30-09-2017,03-10-2017,03-10-2017,2,7,deliverd
1155,865,4,30-09-2017,01-10-2017,01-10-2017,2,7,deliverd
1156,869,4,30-09-2017,03-10-2017,03-10-2017,2,7,deliverd
1157,24,4,01-10-2017,03-10-2017,04-10-2017,1,3,deliverd
1158,889,4,01-10-2017,03-10-2017,02-10-2017,1,2,deliverd
1159,1221,4,01-10-2017,02-10-2017,03-10-2017,1,3,deliverd
1160,1262,4,01-10-2017,02-10-2017,04-10-2017,1,2,deliverd
1161,41,4,01-10-2017,04-10-2017,02-10-2017,2,7,deliverd
1162,888,4,01-10-2017,03-10-2017,03-10-2017,2,6,deliverd
1163,934,4,01-10-2017,02-10-2017,02-10-2017,2,6,deliverd
1164,1067,4,01-10-2017,02-10-2017,03-10-2017,2,6,deliverd
1165,652,4,02-10-2017,03-10-2017,05-10-2017,2,7,deliverd
1166,286,4,03-10-2017,04-10-2017,04-10-2017,2,7,deliverd
1167,900,4,04-10-2017,07-10-2017,06-10-2017,1,2,deliverd
1168,1031,4,04-10-2017,05-10-2017,06-10-2017,2,6,deliverd
1169,1421,4,04-10-2017,06-10-2017,07-10-2017,2,7,deliverd
1170,534,4,05-10-2017,07-10-2017,06-10-2017,2,6,deliverd
1171,826,4,05-10-2017,06-10-2017,08-10-2017,2,6,deliverd
1172,1339,4,07-10-2017,10-10-2017,09-10-2017,2,7,deliverd
1173,548,4,08-10-2017,10-10-2017,09-10-2017,2,7,deliverd
1174,1109,4,08-10-2017,10-10-2017,11-10-2017,2,6,deliverd
1175,292,4,09-10-2017,11-10-2017,12-10-2017,2,6,deliverd
1176,1111,4,10-10-2017,13-10-2017,11-10-2017,3,9,deliverd
1177,21,3,12-10-2017,12-10-2017,NULL,3,9,shipped
1178,771,4,12-10-2017,15-10-2017,13-10-2017,2,6,deliverd
1179,1150,4,12-10-2017,15-10-2017,15-10-2017,3,9,deliverd
1180,1065,4,13-10-2017,16-10-2017,16-10-2017,1,3,deliverd
1181,1022,4,13-10-2017,16-10-2017,15-10-2017,2,7,deliverd
1182,1422,4,13-10-2017,14-10-2017,16-10-2017,2,7,deliverd
1183,216,4,14-10-2017,17-10-2017,17-10-2017,2,6,deliverd
1184,369,4,14-10-2017,15-10-2017,16-10-2017,2,6,deliverd
1185,960,4,14-10-2017,16-10-2017,17-10-2017,2,6,deliverd
1186,1120,4,14-10-2017,16-10-2017,15-10-2017,2,6,deliverd
1187,486,4,15-10-2017,18-10-2017,16-10-2017,2,6,deliverd
1188,647,4,15-10-2017,18-10-2017,17-10-2017,2,7,deliverd
1189,1090,4,15-10-2017,17-10-2017,18-10-2017,2,6,deliverd
1190,34,4,16-10-2017,19-10-2017,17-10-2017,2,6,deliverd
1191,186,4,17-10-2017,18-10-2017,18-10-2017,2,6,deliverd
1192,1114,4,17-10-2017,19-10-2017,18-10-2017,2,6,deliverd
1193,1412,4,17-10-2017,19-10-2017,19-10-2017,2,7,deliverd
1194,192,4,19-10-2017,22-10-2017,22-10-2017,1,2,deliverd
1195,229,4,19-10-2017,21-10-2017,21-10-2017,2,7,deliverd
1196,508,4,19-10-2017,21-10-2017,20-10-2017,2,6,deliverd
1197,269,4,21-10-2017,23-10-2017,23-10-2017,2,6,deliverd
1198,1289,4,22-10-2017,24-10-2017,24-10-2017,2,7,deliverd
1199,318,4,23-10-2017,24-10-2017,26-10-2017,1,2,deliverd
1200,48,4,23-10-2017,25-10-2017,26-10-2017,2,6,deliverd
1201,201,4,23-10-2017,24-10-2017,24-10-2017,2,6,deliverd
1202,593,4,24-10-2017,25-10-2017,25-10-2017,2,6,deliverd
1203,1191,4,25-10-2017,27-10-2017,26-10-2017,2,7,deliverd
1204,1277,4,25-10-2017,28-10-2017,28-10-2017,2,6,deliverd
1205,1091,4,26-10-2017,28-10-2017,28-10-2017,1,2,deliverd
1206,222,4,26-10-2017,29-10-2017,29-10-2017,2,6,deliverd
1207,1002,4,26-10-2017,28-10-2017,27-10-2017,2,6,deliverd
1208,1226,4,26-10-2017,28-10-2017,27-10-2017,2,7,deliverd
1209,1342,4,26-10-2017,27-10-2017,29-10-2017,2,7,deliverd
1210,730,4,26-10-2017,27-10-2017,29-10-2017,3,8,deliverd
1211,19,4,27-10-2017,28-10-2017,29-10-2017,2,7,deliverd
1212,213,4,27-10-2017,30-10-2017,29-10-2017,2,6,deliverd
1213,669,4,27-10-2017,29-10-2017,29-10-2017,3,9,deliverd
1214,783,4,28-10-2017,29-10-2017,29-10-2017,2,6,deliverd
1215,807,4,28-10-2017,31-10-2017,30-10-2017,2,7,deliverd
1216,886,4,28-10-2017,30-10-2017,29-10-2017,2,7,deliverd
1217,1155,4,28-10-2017,31-10-2017,30-10-2017,2,7,deliverd
1218,1017,4,30-10-2017,01-11-2017,31-10-2017,1,2,deliverd
1219,840,4,30-10-2017,02-11-2017,02-11-2017,2,7,deliverd
1220,803,4,31-10-2017,03-11-2017,03-11-2017,2,6,deliverd
1221,1290,4,31-10-2017,02-11-2017,01-11-2017,2,7,deliverd
1222,482,4,01-11-2017,04-11-2017,03-11-2017,3,9,deliverd
1223,1207,4,02-11-2017,03-11-2017,03-11-2017,2,6,deliverd
1224,544,4,03-11-2017,04-11-2017,04-11-2017,2,6,deliverd
1225,768,4,04-11-2017,05-11-2017,07-11-2017,1,2,deliverd
1226,226,4,04-11-2017,07-11-2017,06-11-2017,2,7,deliverd
1227,702,4,04-11-2017,07-11-2017,06-11-2017,2,6,deliverd
1228,1041,4,04-11-2017,06-11-2017,06-11-2017,2,6,deliverd
1229,89,4,05-11-2017,08-11-2017,06-11-2017,1,3,deliverd
1230,1107,4,05-11-2017,06-11-2017,07-11-2017,2,6,deliverd
1231,1180,4,05-11-2017,07-11-2017,06-11-2017,2,6,deliverd
1232,665,4,06-11-2017,07-11-2017,09-11-2017,1,3,deliverd
1233,462,4,06-11-2017,07-11-2017,08-11-2017,2,6,deliverd
1234,19,3,07-11-2017,07-11-2017,NULL,2,6,shipped
1235,210,4,07-11-2017,08-11-2017,09-11-2017,2,6,deliverd
1236,243,4,08-11-2017,11-11-2017,09-11-2017,2,7,deliverd
1237,571,4,09-11-2017,12-11-2017,11-11-2017,1,2,deliverd
1238,998,4,09-11-2017,10-11-2017,11-11-2017,2,6,deliverd
1239,1197,4,09-11-2017,10-11-2017,11-11-2017,2,7,deliverd
1240,903,4,10-11-2017,11-11-2017,11-11-2017,2,7,deliverd
1241,1170,4,10-11-2017,12-11-2017,11-11-2017,2,7,deliverd
1242,303,4,11-11-2017,12-11-2017,12-11-2017,2,6,deliverd
1243,346,4,11-11-2017,13-11-2017,14-11-2017,2,6,deliverd
1244,333,4,12-11-2017,14-11-2017,13-11-2017,2,6,deliverd
1245,1166,4,13-11-2017,16-11-2017,14-11-2017,2,7,deliverd
1246,1329,4,13-11-2017,16-11-2017,16-11-2017,2,7,deliverd
1247,426,4,16-11-2017,18-11-2017,17-11-2017,1,2,deliverd
1248,1367,4,16-11-2017,17-11-2017,18-11-2017,1,3,deliverd
1249,545,4,17-11-2017,18-11-2017,20-11-2017,2,6,deliverd
1250,1188,4,17-11-2017,19-11-2017,18-11-2017,2,6,deliverd
1251,289,4,17-11-2017,19-11-2017,19-11-2017,3,9,deliverd
1252,110,4,18-11-2017,20-11-2017,21-11-2017,1,3,deliverd
1253,44,4,18-11-2017,21-11-2017,21-11-2017,2,6,deliverd
1254,1098,4,18-11-2017,19-11-2017,19-11-2017,2,7,deliverd
1255,375,4,19-11-2017,20-11-2017,21-11-2017,2,6,deliverd
1256,458,4,19-11-2017,20-11-2017,22-11-2017,2,6,deliverd
1257,1136,4,19-11-2017,22-11-2017,20-11-2017,2,7,deliverd
1258,1099,4,20-11-2017,21-11-2017,22-11-2017,2,7,deliverd
1259,4,3,21-11-2017,21-11-2017,NULL,2,7,shipped
1260,1117,4,22-11-2017,23-11-2017,24-11-2017,2,6,deliverd
1261,435,4,23-11-2017,25-11-2017,24-11-2017,2,7,deliverd
1262,509,4,23-11-2017,26-11-2017,26-11-2017,2,6,deliverd
1263,1408,4,23-11-2017,26-11-2017,26-11-2017,2,6,deliverd
1264,113,4,24-11-2017,27-11-2017,25-11-2017,2,6,deliverd
1265,950,4,24-11-2017,27-11-2017,27-11-2017,2,7,deliverd
1266,387,4,25-11-2017,28-11-2017,27-11-2017,2,6,deliverd
1267,467,4,25-11-2017,26-11-2017,26-11-2017,2,6,deliverd
1268,774,4,26-11-2017,28-11-2017,29-11-2017,1,3,deliverd
1269,1236,4,26-11-2017,29-11-2017,29-11-2017,2,6,deliverd
1270,1388,4,26-11-2017,29-11-2017,29-11-2017,2,6,deliverd
1271,734,4,27-11-2017,30-11-2017,30-11-2017,2,6,deliverd
1272,935,4,27-11-2017,29-11-2017,30-11-2017,2,6,deliverd
1273,1268,4,27-11-2017,29-11-2017,29-11-2017,2,6,deliverd
1274,1364,4,28-11-2017,29-11-2017,01-12-2017,2,7,deliverd
1275,165,4,29-11-2017,01-12-2017,30-11-2017,1,2,deliverd
1276,893,4,30-11-2017,03-12-2017,02-12-2017,2,6,deliverd
1277,227,4,01-12-2017,04-12-2017,02-12-2017,2,6,deliverd
1278,980,4,01-12-2017,02-12-2017,04-12-2017,2,7,deliverd
1279,1014,4,01-12-2017,04-12-2017,03-12-2017,2,6,deliverd
1280,123,4,01-12-2017,03-12-2017,03-12-2017,3,9,deliverd
1281,1060,4,02-12-2017,05-12-2017,05-12-2017,2,6,deliverd
1282,320,4,03-12-2017,05-12-2017,05-12-2017,2,6,deliverd
1283,85,4,04-12-2017,07-12-2017,07-12-2017,2,7,deliverd
1284,128,4,04-12-2017,06-12-2017,07-12-2017,2,7,deliverd
1285,262,4,04-12-2017,07-12-2017,07-12-2017,2,7,deliverd
1286,1033,4,04-12-2017,07-12-2017,06-12-2017,2,7,deliverd
1287,279,4,07-12-2017,10-12-2017,09-12-2017,1,3,deliverd
1288,778,4,07-12-2017,10-12-2017,09-12-2017,3,9,deliverd
1289,1292,4,08-12-2017,11-12-2017,10-12-2017,1,3,deliverd
1290,967,4,08-12-2017,10-12-2017,10-12-2017,2,6,deliverd
1291,1284,4,09-12-2017,11-12-2017,12-12-2017,2,6,deliverd
1292,285,4,10-12-2017,13-12-2017,11-12-2017,2,6,deliverd
1293,1401,4,10-12-2017,12-12-2017,11-12-2017,2,7,deliverd
1294,947,4,11-12-2017,13-12-2017,14-12-2017,1,2,deliverd
1295,37,4,11-12-2017,12-12-2017,14-12-2017,2,7,deliverd
1296,231,4,14-12-2017,17-12-2017,15-12-2017,1,3,deliverd
1297,108,4,14-12-2017,17-12-2017,16-12-2017,2,6,deliverd
1298,533,4,14-12-2017,17-12-2017,16-12-2017,3,9,deliverd
1299,1216,4,15-12-2017,18-12-2017,16-12-2017,1,2,deliverd
1300,824,4,15-12-2017,17-12-2017,17-12-2017,2,6,deliverd
1301,1088,4,16-12-2017,19-12-2017,19-12-2017,1,3,deliverd
1302,322,4,16-12-2017,18-12-2017,19-12-2017,2,7,deliverd
1303,878,4,16-12-2017,19-12-2017,18-12-2017,2,7,deliverd
1304,1409,4,16-12-2017,17-12-2017,17-12-2017,2,6,deliverd
1305,257,4,17-12-2017,19-12-2017,18-12-2017,2,7,deliverd
1306,28,4,20-12-2017,21-12-2017,22-12-2017,2,6,deliverd
1307,1384,4,22-12-2017,23-12-2017,25-12-2017,1,2,deliverd
1308,713,4,22-12-2017,24-12-2017,24-12-2017,2,7,deliverd
1309,821,4,22-12-2017,25-12-2017,24-12-2017,2,6,deliverd
1310,444,4,24-12-2017,25-12-2017,26-12-2017,1,3,deliverd
1311,1021,4,24-12-2017,26-12-2017,27-12-2017,2,6,deliverd
1312,311,4,25-12-2017,28-12-2017,26-12-2017,1,3,deliverd
1313,1294,4,25-12-2017,27-12-2017,27-12-2017,1,3,deliverd
1314,1027,4,25-12-2017,26-12-2017,28-12-2017,2,7,deliverd
1315,931,4,25-12-2017,27-12-2017,28-12-2017,3,9,deliverd
1316,846,4,26-12-2017,29-12-2017,27-12-2017,1,3,deliverd
1317,418,4,27-12-2017,28-12-2017,29-12-2017,1,3,deliverd
1318,75,4,27-12-2017,30-12-2017,29-12-2017,2,6,deliverd
1319,604,4,27-12-2017,30-12-2017,30-12-2017,2,6,deliverd
1320,244,4,28-12-2017,30-12-2017,29-12-2017,1,3,deliverd
1321,217,4,30-12-2017,31-12-2017,31-12-2017,1,3,deliverd
1322,39,4,31-12-2017,03-01-2018,02-01-2018,2,7,deliverd
1323,273,4,31-12-2017,01-01-2018,01-01-2018,2,6,deliverd
1324,862,4,01-01-2018,04-01-2018,03-01-2018,2,6,deliverd
1325,68,4,01-01-2018,02-01-2018,03-01-2018,3,8,deliverd
1326,567,4,01-01-2018,03-01-2018,02-01-2018,3,9,deliverd
1327,1026,4,02-01-2018,03-01-2018,05-01-2018,2,6,deliverd
1328,1083,4,02-01-2018,03-01-2018,03-01-2018,2,6,deliverd
1329,443,4,04-01-2018,05-01-2018,06-01-2018,1,3,deliverd
1330,761,4,04-01-2018,05-01-2018,07-01-2018,2,7,deliverd
1331,1122,4,05-01-2018,06-01-2018,08-01-2018,2,6,deliverd
1332,256,4,06-01-2018,07-01-2018,09-01-2018,2,7,deliverd
1333,203,4,06-01-2018,07-01-2018,07-01-2018,3,8,deliverd
1334,425,4,07-01-2018,09-01-2018,10-01-2018,2,6,deliverd
1335,955,4,07-01-2018,08-01-2018,08-01-2018,2,7,deliverd
1336,904,4,09-01-2018,10-01-2018,12-01-2018,1,2,deliverd
1337,970,4,09-01-2018,12-01-2018,12-01-2018,2,7,deliverd
1338,905,4,10-01-2018,11-01-2018,13-01-2018,2,6,deliverd
1339,580,4,11-01-2018,14-01-2018,13-01-2018,1,3,deliverd
1340,1066,4,12-01-2018,13-01-2018,13-01-2018,1,3,deliverd
1341,1258,4,12-01-2018,13-01-2018,14-01-2018,2,7,deliverd
1342,1393,4,12-01-2018,13-01-2018,15-01-2018,2,7,deliverd
1343,594,4,13-01-2018,15-01-2018,14-01-2018,2,6,deliverd
1344,916,4,13-01-2018,16-01-2018,15-01-2018,2,6,deliverd
1345,1037,4,14-01-2018,15-01-2018,15-01-2018,2,6,deliverd
1346,136,4,14-01-2018,15-01-2018,15-01-2018,3,8,deliverd
1347,247,4,15-01-2018,18-01-2018,18-01-2018,1,2,deliverd
1348,1214,4,15-01-2018,17-01-2018,17-01-2018,1,2,deliverd
1349,464,4,15-01-2018,17-01-2018,16-01-2018,2,6,deliverd
1350,637,4,15-01-2018,18-01-2018,17-01-2018,2,7,deliverd
1351,1016,4,16-01-2018,19-01-2018,19-01-2018,2,7,deliverd
1352,1433,4,16-01-2018,18-01-2018,18-01-2018,2,6,deliverd
1353,502,4,17-01-2018,19-01-2018,18-01-2018,2,6,deliverd
1354,476,4,19-01-2018,20-01-2018,21-01-2018,1,3,deliverd
1355,1010,4,19-01-2018,21-01-2018,20-01-2018,2,7,deliverd
1356,1161,4,19-01-2018,21-01-2018,22-01-2018,2,6,deliverd
1357,440,4,20-01-2018,23-01-2018,21-01-2018,2,6,deliverd
1358,253,4,21-01-2018,23-01-2018,24-01-2018,1,2,deliverd
1359,1008,4,21-01-2018,22-01-2018,22-01-2018,3,9,deliverd
1360,71,4,22-01-2018,25-01-2018,24-01-2018,2,6,deliverd
1361,1084,4,22-01-2018,24-01-2018,23-01-2018,2,7,deliverd
1362,310,4,23-01-2018,24-01-2018,25-01-2018,2,6,deliverd
1363,860,4,24-01-2018,25-01-2018,25-01-2018,2,6,deliverd
1364,122,4,25-01-2018,28-01-2018,28-01-2018,2,6,deliverd
1365,689,4,25-01-2018,28-01-2018,27-01-2018,2,7,deliverd
1366,1441,4,26-01-2018,27-01-2018,28-01-2018,2,6,deliverd
1367,1118,4,27-01-2018,28-01-2018,28-01-2018,1,3,deliverd
1368,765,4,27-01-2018,28-01-2018,29-01-2018,2,6,deliverd
1369,92,4,28-01-2018,30-01-2018,30-01-2018,2,6,deliverd
1370,115,4,28-01-2018,29-01-2018,29-01-2018,2,7,deliverd
1371,937,4,29-01-2018,30-01-2018,01-02-2018,2,7,deliverd
1372,1013,4,29-01-2018,01-02-2018,30-01-2018,2,6,deliverd
1373,427,4,29-01-2018,31-01-2018,31-01-2018,3,9,deliverd
1374,1330,4,30-01-2018,01-02-2018,01-02-2018,1,3,deliverd
1375,312,4,30-01-2018,01-02-2018,01-02-2018,3,8,deliverd
1376,1186,4,01-02-2018,02-02-2018,03-02-2018,1,2,deliverd
1377,1007,4,01-02-2018,03-02-2018,03-02-2018,2,7,deliverd
1378,983,4,02-02-2018,05-02-2018,04-02-2018,1,2,deliverd
1379,1256,4,02-02-2018,05-02-2018,05-02-2018,2,6,deliverd
1380,818,4,05-02-2018,08-02-2018,08-02-2018,1,3,deliverd
1381,680,4,05-02-2018,06-02-2018,08-02-2018,2,7,deliverd
1382,1303,4,06-02-2018,09-02-2018,08-02-2018,2,6,deliverd
1383,488,4,07-02-2018,08-02-2018,08-02-2018,1,3,deliverd
1384,1126,4,08-02-2018,10-02-2018,09-02-2018,2,7,deliverd
1385,866,4,08-02-2018,11-02-2018,09-02-2018,3,9,deliverd
1386,1254,4,09-02-2018,10-02-2018,11-02-2018,1,2,deliverd
1387,11,4,09-02-2018,11-02-2018,11-02-2018,2,7,deliverd
1388,323,4,09-02-2018,12-02-2018,12-02-2018,2,7,deliverd
1389,491,4,11-02-2018,12-02-2018,14-02-2018,2,7,deliverd
1390,63,4,12-02-2018,13-02-2018,13-02-2018,2,7,deliverd
1391,914,4,13-02-2018,14-02-2018,14-02-2018,2,7,deliverd
1392,1187,4,13-02-2018,14-02-2018,14-02-2018,2,6,deliverd
1393,547,4,14-02-2018,15-02-2018,15-02-2018,2,7,deliverd
1394,906,4,14-02-2018,16-02-2018,16-02-2018,3,8,deliverd
1395,1052,4,15-02-2018,18-02-2018,16-02-2018,1,3,deliverd
1396,856,4,15-02-2018,18-02-2018,16-02-2018,2,7,deliverd
1397,920,4,15-02-2018,17-02-2018,16-02-2018,2,6,deliverd
1398,1383,4,16-02-2018,19-02-2018,19-02-2018,1,3,deliverd
1399,146,4,16-02-2018,18-02-2018,18-02-2018,2,6,deliverd
1400,987,4,17-02-2018,18-02-2018,18-02-2018,2,6,deliverd
1401,15,4,18-02-2018,19-02-2018,20-02-2018,2,7,deliverd
1402,1171,4,19-02-2018,21-02-2018,21-02-2018,2,6,deliverd
1403,452,4,21-02-2018,22-02-2018,22-02-2018,2,7,deliverd
1404,1240,4,23-02-2018,26-02-2018,24-02-2018,1,3,deliverd
1405,100,4,25-02-2018,28-02-2018,27-02-2018,2,6,deliverd
1406,1053,4,25-02-2018,27-02-2018,27-02-2018,2,7,deliverd
1407,18,3,26-02-2018,26-02-2018,NULL,2,6,shipped
1408,1172,4,26-02-2018,27-02-2018,01-03-2018,2,6,deliverd
1409,21,4,26-02-2018,28-02-2018,28-02-2018,3,8,deliverd
1410,1005,4,27-02-2018,28-02-2018,28-02-2018,2,7,deliverd
1411,109,4,01-03-2018,02-03-2018,02-03-2018,1,2,deliverd
1412,1043,4,01-03-2018,02-03-2018,04-03-2018,2,7,deliverd
1413,56,4,01-03-2018,03-03-2018,04-03-2018,3,8,deliverd
1414,293,4,03-03-2018,05-03-2018,06-03-2018,2,7,deliverd
1415,839,4,03-03-2018,04-03-2018,05-03-2018,2,7,deliverd
1416,566,4,03-03-2018,04-03-2018,06-03-2018,3,8,deliverd
1417,300,4,04-03-2018,06-03-2018,07-03-2018,1,2,deliverd
1418,364,4,04-03-2018,05-03-2018,07-03-2018,2,6,deliverd
1419,474,4,04-03-2018,07-03-2018,07-03-2018,2,6,deliverd
1420,838,4,04-03-2018,05-03-2018,07-03-2018,2,7,deliverd
1421,1176,4,05-03-2018,07-03-2018,07-03-2018,2,7,deliverd
1422,599,4,05-03-2018,06-03-2018,08-03-2018,3,8,deliverd
1423,1231,4,06-03-2018,07-03-2018,07-03-2018,1,2,deliverd
1424,1445,4,07-03-2018,10-03-2018,10-03-2018,1,2,deliverd
1425,126,4,07-03-2018,09-03-2018,09-03-2018,2,6,deliverd
1426,938,4,07-03-2018,08-03-2018,10-03-2018,2,6,deliverd
1427,999,4,07-03-2018,08-03-2018,08-03-2018,2,6,deliverd
1428,195,4,08-03-2018,10-03-2018,11-03-2018,2,7,deliverd
1429,1116,4,08-03-2018,09-03-2018,09-03-2018,2,6,deliverd
1430,1239,4,10-03-2018,13-03-2018,11-03-2018,2,7,deliverd
1431,308,4,11-03-2018,12-03-2018,14-03-2018,2,6,deliverd
1432,483,4,11-03-2018,12-03-2018,14-03-2018,2,6,deliverd
1433,1142,4,11-03-2018,13-03-2018,12-03-2018,2,7,deliverd
1434,595,4,14-03-2018,16-03-2018,16-03-2018,2,6,deliverd
1435,744,4,14-03-2018,15-03-2018,16-03-2018,2,6,deliverd
1436,1044,4,14-03-2018,17-03-2018,16-03-2018,2,6,deliverd
1437,518,4,15-03-2018,16-03-2018,16-03-2018,1,2,deliverd
1438,263,4,15-03-2018,17-03-2018,16-03-2018,2,6,deliverd
1439,463,4,15-03-2018,16-03-2018,17-03-2018,2,7,deliverd
1440,859,4,15-03-2018,18-03-2018,16-03-2018,3,8,deliverd
1441,982,4,15-03-2018,16-03-2018,18-03-2018,3,8,deliverd
1442,478,4,16-03-2018,17-03-2018,17-03-2018,2,7,deliverd
1443,972,4,16-03-2018,17-03-2018,17-03-2018,2,7,deliverd
1444,1154,4,16-03-2018,17-03-2018,19-03-2018,2,6,deliverd
1445,515,4,17-03-2018,18-03-2018,20-03-2018,2,7,deliverd
1446,820,4,17-03-2018,18-03-2018,18-03-2018,2,6,deliverd
1447,1419,4,18-03-2018,20-03-2018,20-03-2018,1,3,deliverd
1448,228,4,18-03-2018,19-03-2018,21-03-2018,2,6,deliverd
1449,330,4,18-03-2018,19-03-2018,20-03-2018,2,7,deliverd
1450,296,4,19-03-2018,20-03-2018,22-03-2018,2,7,deliverd
1451,822,4,19-03-2018,22-03-2018,20-03-2018,2,6,deliverd
1452,287,4,20-03-2018,23-03-2018,23-03-2018,1,3,deliverd
1453,601,4,20-03-2018,23-03-2018,22-03-2018,1,3,deliverd
1454,395,4,20-03-2018,21-03-2018,22-03-2018,2,6,deliverd
1455,405,4,20-03-2018,22-03-2018,21-03-2018,2,6,deliverd
1456,754,4,20-03-2018,21-03-2018,23-03-2018,2,7,deliverd
1457,1411,4,20-03-2018,23-03-2018,23-03-2018,2,6,deliverd
1458,1029,4,20-03-2018,22-03-2018,21-03-2018,3,8,deliverd
1459,9,4,21-03-2018,22-03-2018,22-03-2018,2,7,deliverd
1460,1131,4,21-03-2018,23-03-2018,23-03-2018,2,7,deliverd
1461,139,4,22-03-2018,25-03-2018,23-03-2018,2,6,deliverd
1462,1101,4,22-03-2018,24-03-2018,24-03-2018,2,6,deliverd
1463,692,4,23-03-2018,24-03-2018,24-03-2018,2,7,deliverd
1464,1279,4,24-03-2018,25-03-2018,25-03-2018,2,7,deliverd
1465,623,4,25-03-2018,28-03-2018,28-03-2018,2,7,deliverd
1466,738,4,26-03-2018,29-03-2018,28-03-2018,1,3,deliverd
1467,152,4,26-03-2018,27-03-2018,29-03-2018,2,7,deliverd
1468,3,4,27-03-2018,30-03-2018,29-03-2018,1,2,deliverd
1469,1135,4,27-03-2018,28-03-2018,30-03-2018,3,8,deliverd
1470,505,4,28-03-2018,31-03-2018,31-03-2018,2,7,deliverd
1471,1310,4,28-03-2018,30-03-2018,29-03-2018,2,7,deliverd
1472,114,4,29-03-2018,30-03-2018,31-03-2018,2,6,deliverd
1473,302,4,30-03-2018,01-04-2018,02-04-2018,1,2,deliverd
1474,816,4,30-03-2018,01-04-2018,02-04-2018,1,3,deliverd
1475,112,4,30-03-2018,01-04-2018,31-03-2018,2,6,deliverd
1476,35,4,31-03-2018,01-04-2018,01-04-2018,2,7,deliverd
1477,180,4,31-03-2018,03-04-2018,01-04-2018,2,6,deliverd
1478,392,4,31-03-2018,02-04-2018,02-04-2018,2,6,deliverd
1479,23,2,01-04-2018,01-04-2018,NULL,2,7,dispacted
1480,27,2,01-04-2018,01-04-2018,NULL,2,7,dispacted
1481,62,1,01-04-2018,01-04-2018,NULL,2,6,pending
1482,94,1,01-04-2018,01-04-2018,NULL,2,7,pending
1483,15,1,02-04-2018,02-04-2018,NULL,2,7,pending
1484,35,2,02-04-2018,02-04-2018,NULL,2,6,dispacted
1485,51,2,02-04-2018,02-04-2018,NULL,2,7,dispacted
1486,84,2,02-04-2018,02-04-2018,NULL,2,7,dispacted
1487,33,1,03-04-2018,03-04-2018,NULL,1,3,pending
1488,181,2,03-04-2018,03-04-2018,NULL,1,3,dispacted
1489,194,1,03-04-2018,03-04-2018,NULL,1,3,pending
1490,217,2,03-04-2018,03-04-2018,NULL,1,3,dispacted
1491,82,1,04-04-2018,04-04-2018,NULL,1,3,pending
1492,41,1,04-04-2018,04-04-2018,NULL,2,7,pending
1493,64,2,04-04-2018,04-04-2018,NULL,3,8,dispacted
1494,69,2,05-04-2018,05-04-2018,NULL,1,3,dispacted
1495,86,2,05-04-2018,05-04-2018,NULL,2,7,dispacted
1496,3,1,06-04-2018,06-04-2018,NULL,1,3,pending
1497,31,2,06-04-2018,06-04-2018,NULL,1,2,dispacted
1498,81,1,06-04-2018,06-04-2018,NULL,1,2,pending
1499,120,2,06-04-2018,06-04-2018,NULL,1,2,dispacted
1500,151,2,06-04-2018,06-04-2018,NULL,1,3,dispacted
1501,52,1,06-04-2018,06-04-2018,NULL,2,6,pending
1502,83,2,06-04-2018,06-04-2018,NULL,2,6,dispacted
1503,208,2,07-04-2018,07-04-2018,NULL,1,3,dispacted
1504,237,2,08-04-2018,08-04-2018,NULL,1,2,dispacted
1505,22,1,08-04-2018,08-04-2018,NULL,2,7,pending
1506,75,1,08-04-2018,08-04-2018,NULL,2,7,pending
1507,85,2,08-04-2018,08-04-2018,NULL,2,6,dispacted
1508,92,2,08-04-2018,08-04-2018,NULL,2,6,dispacted
1509,2,1,09-04-2018,09-04-2018,NULL,1,3,pending
1510,16,2,09-04-2018,09-04-2018,NULL,2,6,dispacted
1511,25,1,09-04-2018,09-04-2018,NULL,2,6,pending
1512,68,1,09-04-2018,09-04-2018,NULL,3,9,pending
1513,32,2,10-04-2018,10-04-2018,NULL,1,2,dispacted
1514,87,2,10-04-2018,10-04-2018,NULL,1,3,dispacted
1515,61,1,10-04-2018,10-04-2018,NULL,3,9,pending
1516,47,2,11-04-2018,11-04-2018,NULL,1,3,dispacted
1517,97,1,11-04-2018,11-04-2018,NULL,1,2,pending
1518,175,1,11-04-2018,11-04-2018,NULL,1,2,pending
1519,26,2,11-04-2018,11-04-2018,NULL,2,7,dispacted
1520,66,2,11-04-2018,11-04-2018,NULL,3,8,dispacted
1521,53,1,12-04-2018,12-04-2018,NULL,1,3,pending
1522,78,1,12-04-2018,12-04-2018,NULL,1,3,pending
1523,8,1,12-04-2018,12-04-2018,NULL,2,7,pending
1524,37,1,12-04-2018,12-04-2018,NULL,2,6,pending
1525,38,2,12-04-2018,12-04-2018,NULL,2,7,dispacted
1526,59,2,12-04-2018,12-04-2018,NULL,2,7,dispacted
1527,13,2,12-04-2018,12-04-2018,NULL,3,9,dispacted
1528,20,1,12-04-2018,12-04-2018,NULL,3,8,pending
1529,50,1,12-04-2018,12-04-2018,NULL,3,8,pending
1530,110,1,13-04-2018,13-04-2018,NULL,1,2,pending
1531,233,1,13-04-2018,13-04-2018,NULL,1,2,pending
1532,7,2,13-04-2018,13-04-2018,NULL,2,7,dispacted
1533,28,2,13-04-2018,13-04-2018,NULL,2,6,dispacted
1534,18,2,14-04-2018,14-04-2018,NULL,2,7,dispacted
1535,19,2,14-04-2018,14-04-2018,NULL,2,7,dispacted
1536,34,2,14-04-2018,14-04-2018,NULL,2,7,dispacted
1537,36,1,15-04-2018,15-04-2018,NULL,2,6,pending
1538,79,2,15-04-2018,15-04-2018,NULL,2,6,dispacted
1539,116,1,15-04-2018,15-04-2018,NULL,3,9,pending
1540,187,1,16-04-2018,16-04-2018,NULL,1,2,pending
1541,10,2,16-04-2018,16-04-2018,NULL,2,7,dispacted
1542,58,2,16-04-2018,16-04-2018,NULL,2,6,dispacted
1543,76,1,16-04-2018,16-04-2018,NULL,2,6,pending
1544,5,1,17-04-2018,17-04-2018,NULL,1,2,pending
1545,67,1,17-04-2018,17-04-2018,NULL,1,3,pending
1546,91,2,17-04-2018,17-04-2018,NULL,1,3,dispacted
1547,169,1,17-04-2018,17-04-2018,NULL,1,3,pending
1548,170,1,17-04-2018,17-04-2018,NULL,1,2,pending
1549,17,1,17-04-2018,17-04-2018,NULL,2,7,pending
1550,39,1,17-04-2018,17-04-2018,NULL,2,6,pending
1551,70,1,17-04-2018,17-04-2018,NULL,2,7,pending
1552,73,1,17-04-2018,17-04-2018,NULL,2,7,pending
1553,30,2,18-04-2018,18-04-2018,NULL,1,3,dispacted
1554,172,1,18-04-2018,18-04-2018,NULL,1,3,pending
1555,1,1,18-04-2018,18-04-2018,NULL,2,7,pending
1556,4,2,18-04-2018,18-04-2018,NULL,2,6,dispacted
1557,121,2,19-04-2018,19-04-2018,NULL,1,3,dispacted
1558,63,1,19-04-2018,19-04-2018,NULL,2,6,pending
1559,42,2,20-04-2018,20-04-2018,NULL,2,6,dispacted
1560,57,1,20-04-2018,20-04-2018,NULL,2,7,pending
1561,65,2,20-04-2018,20-04-2018,NULL,2,7,dispacted
1562,88,1,20-04-2018,20-04-2018,NULL,2,7,pending
1563,77,2,20-04-2018,20-04-2018,NULL,3,9,dispacted
1564,46,1,21-04-2018,21-04-2018,NULL,1,3,pending
1565,60,2,21-04-2018,21-04-2018,NULL,1,2,dispacted
1566,72,1,21-04-2018,21-04-2018,NULL,1,3,pending
1567,89,2,21-04-2018,21-04-2018,NULL,1,2,dispacted
1568,192,2,21-04-2018,21-04-2018,NULL,1,3,dispacted
1569,29,2,22-04-2018,22-04-2018,NULL,2,7,dispacted
1570,54,2,22-04-2018,22-04-2018,NULL,2,7,dispacted
1571,80,1,22-04-2018,22-04-2018,NULL,2,7,pending
1572,14,1,22-04-2018,22-04-2018,NULL,3,9,pending
1573,24,2,23-04-2018,23-04-2018,NULL,1,2,dispacted
1574,124,1,23-04-2018,23-04-2018,NULL,1,2,pending
1575,224,2,23-04-2018,23-04-2018,NULL,1,3,dispacted
1576,12,2,23-04-2018,23-04-2018,NULL,2,7,dispacted
1577,48,1,23-04-2018,23-04-2018,NULL,2,7,pending
1578,93,2,23-04-2018,23-04-2018,NULL,2,7,dispacted
1579,104,2,24-04-2018,24-04-2018,NULL,1,2,dispacted
1580,191,2,24-04-2018,24-04-2018,NULL,1,2,dispacted
1581,188,2,25-04-2018,25-04-2018,NULL,1,2,dispacted
1582,240,1,25-04-2018,25-04-2018,NULL,1,3,pending
1583,44,1,25-04-2018,25-04-2018,NULL,2,6,pending
1584,109,2,26-04-2018,26-04-2018,NULL,1,3,dispacted
1585,157,1,26-04-2018,26-04-2018,NULL,1,3,pending
1586,176,1,26-04-2018,26-04-2018,NULL,1,2,pending
1587,231,2,26-04-2018,26-04-2018,NULL,1,2,dispacted
1588,11,1,26-04-2018,26-04-2018,NULL,2,6,pending
1589,40,2,27-04-2018,27-04-2018,NULL,1,3,dispacted
1590,138,1,27-04-2018,27-04-2018,NULL,1,3,pending
1591,165,2,27-04-2018,27-04-2018,NULL,1,2,dispacted
1592,6,2,27-04-2018,27-04-2018,NULL,2,7,dispacted
1593,9,1,27-04-2018,27-04-2018,NULL,2,6,pending
1594,45,1,28-04-2018,28-04-2018,NULL,2,7,pending
1595,71,2,28-04-2018,28-04-2018,NULL,2,7,dispacted
1596,21,2,28-04-2018,28-04-2018,NULL,3,8,dispacted
1597,56,1,28-04-2018,28-04-2018,NULL,3,9,pending
1598,239,2,29-04-2018,29-04-2018,NULL,1,3,dispacted
1599,49,1,29-04-2018,29-04-2018,NULL,2,7,pending
1600,90,1,29-04-2018,29-04-2018,NULL,2,6,pending
1601,43,1,29-04-2018,29-04-2018,NULL,3,8,pending
1602,55,1,30-04-2018,30-04-2018,NULL,2,6,pending
1603,74,2,30-04-2018,30-04-2018,NULL,2,6,dispacted
1604,7,3,17-06-2018,17-06-2018,NULL,2,7,shipped
1605,123,3,01-07-2018,01-07-2018,NULL,3,8,shipped
1606,119,3,10-07-2018,10-07-2018,NULL,3,8,shipped
1607,33,3,11-07-2018,11-07-2018,NULL,1,2,shipped
1608,53,3,12-07-2018,12-07-2018,NULL,1,2,shipped
1609,10,3,23-08-2018,23-08-2018,NULL,2,7,shipped
1610,15,3,25-08-2018,25-08-2018,NULL,2,7,shipped
1611,6,3,06-09-2018,06-09-2018,NULL,2,7,shipped
1612,3,3,21-10-2018,21-10-2018,NULL,1,3,shipped
1613,1,3,18-11-2018,18-11-2018,NULL,2,6,shipped
1614,135,3,28-11-2018,28-11-2018,NULL,3,8,shipped
1615,136,3,28-12-2018,28-12-2018,NULL,3,8,shipped
